phi,T,H2,H,O,O2,OH,H2O,HO2,H2O2,C,CH,CH2,CH2(S),CH3,CH4,CO,CO2,HCO,CH2O,CH2OH,CH3O,CH3OH,C2H,C2H2,C2H3,C2H4,C2H5,C2H6,HCCO,CH2CO,HCCOH,N2,AR,C3H7,C3H8,CH2CHO,CH3CHO
0.4,1281.4343843359818,1.44057205045252e-08,9.837419409260332e-11,4.3791358989889514e-08,0.12096586497897395,6.601740296300921e-06,0.0806416997822626,1.866052482813737e-08,1.3404080607002175e-09,2.2001281059934185e-38,9.375626467207118e-40,2.3606473942334136e-38,3.316635790290175e-40,5.8457858945734586e-36,4.381150086246872e-35,1.2161773711433787e-08,0.040322500727220496,5.396633575730573e-21,8.38153656322067e-23,1.2117383701206691e-32,6.112276673349784e-35,4.529542216859647e-33,9.084951705606112e-54,3.4717140247106727e-48,4.072889527358561e-57,1.849070331098179e-55,3.222295629360936e-64,1.644627025721252e-64,4.0125883153726794e-42,8.962721657349856e-41,4.716612004098676e-46,0.7580632423130863,0.0,3.514217905853655e-93,1.8126584198295359e-93,5.05340345403724e-50,4.553662108247246e-50
0.49230769230769234,1467.061644862419,3.7232042121060006e-07,7.168713703987086e-09,8.169453858310636e-07,0.10140022450960448,4.822021714521825e-05,0.09831470412556786,8.79345555708501e-08,5.388725721444172e-09,1.7854115798125285e-32,8.868103560808778e-34,9.43769151908193e-33,2.0495816036511947e-34,6.175427025281783e-31,1.590560382578178e-30,4.560006722642104e-07,0.049169163746787356,6.106085224533976e-18,7.629743278937285e-20,1.7204048986596575e-28,1.2123366113524983e-30,3.267529189164695e-29,9.47479996527804e-46,3.220869220523521e-41,4.1305815005738995e-49,4.796685747788442e-48,8.991666841271444e-56,2.0188833800219014e-56,3.691959683288178e-36,2.7939853839278654e-35,6.916054864374643e-40,0.7510659416424207,0.0,3.0927520593986786e-81,6.872609501520772e-82,1.7854533457479504e-43,8.056771148961496e-44
0.5846153846153846,1641.4960344518072,4.307041168371338e-06,1.7322097312639674e-07,6.7397918103452515e-06,0.0821626571955264,0.00020497580970494584,0.11559854785516747,2.606379799622144e-07,1.469131429923969e-08,4.252174066060732e-28,2.4333337694581425e-29,1.4154463099682855e-28,4.231664892609002e-30,3.612098275662057e-27,4.424230709748065e-27,6.843063631475222e-06,0.05784594414736251,1.153314321488863e-15,1.2719034537648677e-17,2.221364625181328e-25,2.0071895063806965e-27,2.654448427558926e-26,9.051122207835374e-40,5.38753075144249e-36,4.114086924326503e-43,1.820094482633132e-42,2.0124242530359605e-49,2.5639180098570678e-50,1.0503366516118233e-31,3.724314797400683e-31,2.883969405554397e-35,0.74416953654536,0.0,3.0152314112038613e-72,3.744702518900282e-73,1.4566581209809613e-38,4.1022459292616616e-39
0.676923076923077,1804.9511722457653,2.9701811708124383e-05,2.035139709902898e-06,3.204287505578705e-05,0.06323019380468818,0.0006053348467635955,0.1324082090013544,5.567063440775747e-07,3.047604671780019e-08,1.0264017909179932e-24,6.758198558939174e-26,2.558050375352661e-25,9.757541757813529e-27,3.3044121953311796e-24,2.394770978086298e-24,5.7062364129958414e-05,0.0663138899536078,6.852970539457695e-14,7.126081137800512e-16,6.120230310397123e-23,6.703941172322677e-25,5.325010516326837e-24,4.216727309064065e-35,6.89053235777635e-32,2.115060279995782e-38,4.6542850717134887e-38,2.057189183035214e-44,1.7665391144733465e-45,3.1918711653531875e-28,6.592930769710375e-28,1.2211503577879715e-31,0.7373209430205222,0.0,3.800834496394812e-65,3.1455733822516907e-66,1.05960588216213e-34,2.1628030389655722e-35
0.7692307692307693,1956.2146465185385,0.00014463733536658978,1.4422893348327407e-05,0.0001002303364197542,0.04467304316546233,0.0013601794033912006,0.1485944475536866,9.063298702762248e-07,5.0619322282434224e-08,5.0578700065744835e-22,3.871733516083769e-23,1.0921378548884111e-22,5.034371403457942e-24,8.69294913039215e-22,4.400722023069562e-22,0.0003198338047461474,0.07439361110482252,1.842462062834946e-12,1.913603546267549e-14,5.905701059489373e-21,7.532111612291646e-23,4.1971318235117936e-22,2.516827802772687e-31,1.5733180765535137e-28,1.4824279092171423e-34,1.983360703633053e-34,2.6830709927666315e-40,1.7740186060974073e-41,2.1237482206830033e-25,3.015721700422232e-25,1.102365762455954e-28,0.7303986374517023,0.0,2.65327216167769e-59,1.6762281833604994e-60,1.5152077455650917e-31,2.519817208602117e-32
0.8615384615384616,2091.1584862347695,0.0005573564203169146,6.967542461767856e-05,0.00021417421805394946,0.026896496838125037,0.002399744870319914,0.16389740868254982,1.1079119882074874e-06,6.710084453669969e-08,7.62460312883857e-20,6.995962609652996e-21,1.6764744871779272e-20,8.942044123264958e-22,9.82836502809135e-20,4.049999951525944e-20,0.0013590441626516279,0.08148600397016635,2.7968357668037596e-11,3.103425300499902e-13,2.7376978127654934e-19,3.934052275586737e-21,1.7800409168322462e-20,3.524127110962024e-28,1.1228505416491153e-25,2.676747994060932e-31,2.6111259220764923e-31,8.925688474378135e-37,5.16199941753308e-38,4.8623482283484654e-23,5.534145043338977e-23,3.421027609894584e-26,0.7231189203720872,0.0,2.75564146768433e-54,1.5129428470394384e-55,7.142032059276409e-29,1.0852019569071984e-29
0.9538461538461539,2198.205291974473,0.0018902041301075729,0.00024259508444082555,0.0002833673399358675,0.011250420707080253,0.0031692337176743063,0.17772854706061328,8.742697278289119e-07,6.415759015278543e-08,4.339286768522028e-18,5.177154130357931e-19,1.2635006721170471e-18,7.471032724302068e-20,6.837019904755578e-18,2.7968263995756904e-18,0.004811102268892899,0.08585148096370157,2.783964682010292e-10,3.707372353237057e-12,7.854160326646229e-18,1.2294972376038305e-19,5.4926006406534e-19,1.8277501967407537e-25,4.1423099792143864e-23,2.1746890272248655e-28,1.944264941332294e-28,1.4633095676501853e-33,8.820627213289737e-35,5.427605724344039e-21,6.0533637790723695e-21,5.428650306853888e-24,0.7147721100181316,0.0,1.1105104179571393e-49,6.326894912520978e-51,1.7401951182488144e-26,2.8422966923536753e-27
1.0461538461538462,2238.6205822214242,0.006475409058225,0.0005622433227870002,0.00014416688458799467,0.0017572439417970868,0.0024040742221245817,0.18768169146553412,2.549293687948755e-07,2.9875025399169126e-08,8.011145288044089e-17,1.564827292038399e-17,5.734505739942046e-17,3.516371645423578e-18,4.502926346723105e-16,2.7439316299268705e-16,0.015366960272348315,0.08245324659324035,1.910983180552855e-09,4.051139435106735e-11,1.7445166574368748e-16,2.815454014802449e-18,1.868435659907889e-17,4.873674713902728e-23,1.4619256843214532e-20,1.5129613405658688e-25,1.9580292129384123e-25,2.905201520750603e-30,2.652632969904637e-31,3.879381297606223e-19,6.412541308271725e-19,6.558845105924281e-22,0.7031546774834655,0.0,6.746257100670469e-45,5.813072235193917e-46,3.6492862549118176e-24,9.1273839222726e-25
1.1384615384615384,2186.12926948721,0.017377800882877183,0.0006866795773733113,2.823359145077705e-05,0.00013034982328227182,0.0010229037654202557,0.18977247292392754,3.063320036380712e-08,7.131018577879095e-09,2.1915555523987907e-16,8.231395913988851e-17,6.493547740394478e-16,3.797129447450711e-17,1.1477906206215582e-14,1.5215814969721858e-14,0.033675121528453346,0.07032741808171913,5.6445325348780525e-09,2.38680074632808e-10,1.489863531142172e-15,2.310661010364775e-17,3.34771075230384e-16,1.8397997796702683e-21,1.4009010750123138e-18,2.1873985308269288e-23,6.393005106639989e-23,1.4310343399432923e-27,2.7810187647690784e-28,6.622394125742142e-18,2.3971075732544756e-17,2.0650147101167604e-20,0.686978976178035,0.0,6.297575004560512e-41,1.1572742022395287e-41,2.0469339357819323e-22,1.0742846777807767e-22
1.2307692307692308,2112.7686091229943,0.03187054601424029,0.0006022420520098101,5.759404002983814e-06,1.4400413122683165e-05,0.000429111089067279,0.18703510011877328,4.508192627474811e-09,1.8908513378410385e-09,1.9965899515442796e-16,1.287636335203657e-16,2.0605001570060404e-15,1.1230858713409237e-16,7.900167109894403e-14,2.1615143557982775e-13,0.050360442647152115,0.059350214025213475,8.565237015178096e-09,6.568142266718372e-10,4.6326122164914265e-15,6.777100013864428e-17,2.034255037445573e-15,1.0939448832522145e-20,2.158235315091759e-17,4.0395917699952085e-22,2.573296026216784e-21,6.905804752499991e-26,2.679478295567593e-26,2.772016011475613e-17,2.089450440334643e-16,1.396498740496137e-19,0.6703321686150183,0.0,2.0703561429288796e-38,7.618983803639075e-39,2.1221357216084608e-21,2.1773766612023827e-21
1.3230769230769233,2039.410635305414,0.04825858237532802,0.00046541718506012747,1.3085060045538027e-06,2.115763750332345e-06,0.00018764276362259348,0.18165490308142418,8.009177719297071e-10,5.614457501064453e-10,1.1965504614914976e-16,1.224815061287245e-16,3.717260370647946e-15,1.8790882719294402e-16,2.907536698406559e-13,1.540187635974946e-12,0.0640508566309047,0.0510691435514083,9.839836571040235e-09,1.2704754815396466e-09,9.082068573590916e-15,1.2487492054155966e-16,7.274759516971953e-15,2.884380567549136e-20,1.4041227333677492e-16,2.837234951027475e-21,3.706342755956233e-20,1.0742720459736745e-24,7.780955110364502e-25,6.2599134703244e-17,9.214520113616673e-16,4.694145168432111e-19,0.6543100176679689,0.0,1.3201933055833682e-36,9.099134795692306e-37,1.0022557094174295e-20,1.876885919654987e-20
1.4153846153846152,1968.1457930525212,0.06569619860840584,0.00033449341344231754,3.132129437422623e-07,3.606665594874595e-07,8.351486018967418e-05,0.17463012021100732,1.564386732908096e-10,1.7610933269856535e-10,5.726523103477544e-17,8.919259067195878e-17,4.956656522210414e-15,2.316370333170707e-16,7.667938314269802e-13,7.614730913043812e-12,0.07536310901528888,0.04490454422685135,9.78758762682884e-09,2.0459900945746745e-09,1.3940494924374072e-14,1.7978475020060984e-16,1.9652121960451557e-14,4.96688792344658e-20,5.829699858975594e-16,1.1989269392128554e-20,3.1146175988966955e-19,9.19508384491011e-24,1.2008527769804774e-23,1.0288700054821735e-16,2.8621648441289243e-15,1.0990839248101745e-18,0.6389873336107612,0.0,3.5524553203931283e-35,4.4301791181578543e-35,3.1431271120280304e-20,1.0366799309588541e-19
1.5076923076923077,1899.157889265079,0.08360334216788581,0.00022815080072574804,7.630659394563392e-08,6.645360938678582e-08,3.723883916212727e-05,0.16661393668811803,3.191336403862794e-11,5.649938403613757e-11,2.3534647488946064e-17,5.4498848717710686e-17,5.4557323439280354e-15,2.3498062742968307e-16,1.6489115373062957e-12,3.028695319110715e-11,0.08490444035953926,0.04027053836248766,8.900885207957446e-09,2.952150695382347e-09,1.8390594393819705e-14,2.220296763301875e-16,4.4860151492905236e-14,6.567285158870224e-20,1.849668516713624e-15,3.7227416144057046e-20,1.9002736028425005e-18,5.496035781410717e-23,1.2738414051990227e-22,1.3947966245921433e-16,7.23084341627913e-15,2.0708668221440588e-18,0.624342198048415,0.0,5.710183207298011e-34,1.2684472285293259e-33,7.708582177835401e-20,4.403571016612099e-19
1.6,1832.347016770528,0.10159661800042943,0.0001491133742855518,1.8509525633677255e-08,1.2695800649994757e-08,1.6464572155920017e-05,0.15803933510312385,6.592191115317176e-12,1.8180133539209516e-11,8.587981172490226e-18,2.921690425525218e-17,5.244129775539681e-15,2.0749162264241308e-16,3.095204220574818e-12,1.0497362652403887e-10,0.09312614432604824,0.0367332190402873,7.599893272221809e-09,3.964350682735668e-09,2.1880979551807176e-14,2.467832738394423e-16,9.18614501873698e-14,7.23501097493578e-20,4.926846257359161e-15,9.427997538584081e-20,9.454754760881295e-18,2.6035206158514907e-22,1.0664416880767768e-21,1.6607306193312378e-16,1.6008284537297683e-14,3.3809427567893258e-18,0.6103390626811177,0.0,6.596012587606411e-33,2.5995456928433064e-32,1.609468875238569e-19,1.584253172185674e-18
1.6923076923076925,1767.5764930147009,0.11943438808928168,9.384910312529857e-05,4.402453205589131e-09,2.4475683934303595e-09,7.165121732986832e-06,0.1491874077237265,1.3505094252607864e-12,5.790119960288571e-12,2.8299606618013316e-18,1.4079198705488932e-17,4.545640149837773e-15,1.6464549139220416e-16,5.280193816060899e-12,3.327357409975891e-10,0.10034505900689075,0.03399108528867188,6.1812942381931296e-09,5.0647364304449e-09,2.4142020428128036e-14,2.537816894897986e-16,1.7486095064865626e-13,6.955520810986069e-20,1.1640651284743638e-14,2.0700824600972608e-19,4.1114182535328374e-17,1.0538949211369413e-21,7.657500705354235e-21,1.799183843880946e-16,3.243423532567198e-14,4.990490365579694e-18,0.5969410272251139,0.0,6.113450920943025e-32,4.291293557631318e-31,3.0055829066800847e-19,5.111380604246236e-18
1.7846153846153845,1704.7192068723414,0.1369696285581957,5.702511188104543e-05,1.0149295641786665e-09,4.67031205618024e-10,3.0514967430533348e-06,0.14023865093147855,2.7025093625284506e-13,1.8073018024686985e-12,8.4944363808275965e-19,6.182992418682276e-18,3.623377665509425e-15,1.1968922504271856e-16,8.398804924920299e-12,9.954372503308484e-10,0.10678189303522878,0.031837259123409505,4.8292181485453705e-09,6.241013786567812e-09,2.5130000524419785e-14,2.455969260634419e-16,3.1657247951868296e-13,6.001646985712164e-20,2.5262397750881896e-14,4.0957639965671046e-19,1.6340314689245165e-16,3.8264379109228354e-21,4.978577509337665e-20,1.8119271743935496e-16,6.180789070123907e-14,6.8378638692031005e-18,0.584112478184524,0.0,4.881343825067352e-31,6.1620767377270616e-30,5.178260892147115e-19,1.5342095649075744e-17
1.876923076923077,1643.6634178899637,0.1541161033422561,3.3488505801958736e-05,2.2465373468503155e-10,8.690594691493339e-11,1.2656095622617882e-06,0.13130843667417422,5.219115575052241e-14,5.484793641701315e-13,2.3317622583910704e-19,2.4939768873266118e-18,2.689082746653662e-15,8.067930935230511e-17,1.2673134813659988e-11,2.8730769009698056e-09,0.1125921820364326,0.030128770023242355,3.6420634738178716e-09,7.485163451160068e-09,2.4955541598327583e-14,2.26122073207275e-16,5.536507982942799e-13,4.7318853943455075e-20,5.1555140408930317e-14,7.493495945379683e-19,6.120782220792613e-16,1.2880164832802066e-20,3.0431843605054647e-19,1.7195756416704025e-16,1.1283377517232071e-13,8.848875449699165e-18,0.5718197394826463,0.0,3.525520964245453e-30,8.118385072947473e-29,8.402622043850231e-19,4.3929879995279866e-17
1.9692307692307693,1584.3104972400427,0.17082605429818237,1.900940588453199e-05,4.735096467475009e-11,1.557914850761737e-11,5.089324796726108e-07,0.12247019632373216,9.627609168985775e-15,1.607152698579118e-13,5.859802867900613e-20,9.277762518012919e-19,1.87291482509351e-15,5.0814020626260905e-17,1.836187150719289e-11,8.130046336648223e-09,0.1178877707690106,0.02876522773099311,2.6591550079636584e-09,8.792422334489028e-09,2.3819341439831454e-14,1.9949934745070495e-16,9.458359253716212e-13,3.4490550490834713e-20,1.006030698306595e-13,1.2909401761422058e-18,2.2096740251211327e-15,4.116327559946276e-20,1.797814184783288e-18,1.551755175211524e-16,1.999109010202961e-13,1.0944746491132738e-17,0.5600312128753567,0.0,2.386004263142949e-29,1.0204939140277588e-27,1.302799652250697e-18,1.221898801269866e-16
2.0615384615384618,1526.571997718786,0.1870759338203984,1.0423793904922761e-05,9.43036373743021e-12,2.661816142009683e-12,1.9758037632810858e-07,0.11377028372232555,1.6806295358941692e-15,4.517715248764809e-14,1.3467906267829973e-20,3.1882317373366493e-19,1.23040250586687e-15,3.0044178405636974e-17,2.5772949519065416e-11,2.2838015561845603e-08,0.12275106787313345,0.027674689739700893,1.8825010955218994e-09,1.0160556126622044e-08,2.1961986179186468e-14,1.6946845738920335e-16,1.5915736858800703e-12,2.3421597099571043e-20,1.9005238893443397e-13,2.122008616683693e-18,7.820587459016439e-15,1.2715998289724965e-19,1.0486434269787641e-17,1.3395911830906745e-16,3.4708544035799013e-13,1.3048060462539737e-17,0.5487173685490151,0.0,1.554349562181744e-28,1.2615469906709779e-26,1.950382939733543e-18,3.347306282400147e-16
2.1538461538461537,1470.3674619213243,0.20285729781596887,5.515233649929439e-06,1.7612922817565897e-12,4.29177109243877e-13,7.373776182834037e-08,0.10523754073695599,2.751475042660887e-16,1.2106137685652907e-14,2.8238188355438777e-21,1.0118734723954263e-19,7.647422610621744e-16,1.6720552600116537e-17,3.528069030309137e-11,6.433359146429056e-08,0.12724445671253132,0.02680435302895627,1.292966396052351e-09,1.1589364290258872e-08,1.962801447301841e-14,1.390393442717326e-16,2.655127790212732e-12,1.4892397362828126e-20,3.5094613469663045e-13,3.361761668588062e-18,2.7510639435825016e-14,3.8511557123544925e-19,6.145029755562315e-17,1.1108206924694714e-16,5.949950318366428e-13,1.508715760566188e-17,0.53785068547712,0.0,9.957955118878836e-28,1.5720572025275713e-25,2.8416722457234754e-18,9.131083730312632e-16
2.246153846153846,1415.6229886313645,0.2181708719087109,2.811052678359575e-06,3.061280984572217e-13,6.467233781511979e-14,2.633687024688879e-08,0.0968895829238908,4.187009149977094e-17,3.0727493048723988e-15,5.380816584788896e-22,2.961278963229486e-20,4.504185404940846e-16,8.76934253899188e-18,4.7349455236738366e-11,1.8330745026287107e-07,0.13141659887316925,0.026114330688815947,8.615160424134316e-10,1.308035339214834e-08,1.7042197287085736e-14,1.1038900106019764e-16,4.4144513466946776e-12,8.89417634294317e-21,6.384302417429355e-13,5.173668841209515e-18,9.730693177969434e-14,1.156933514899918e-18,3.671858656037533e-16,8.872085989257258e-17,1.013307473334589e-12,1.6999337482988065e-17,0.5274055809126373,0.0,6.387574006773773e-27,2.0169229036841506e-24,4.054402957365286e-18,2.503368653151779e-15
2.3384615384615386,1362.270476217334,0.2330224580184538,1.3773213804309824e-06,4.912011474014866e-14,9.019391718301423e-15,8.959976667707893e-09,0.08873711274828947,5.867564625404952e-18,7.337586052277337e-16,9.27282479865376e-23,7.969259345317574e-21,2.515182439335322e-16,4.334382775622027e-18,6.25669159820333e-11,5.323947973935497e-07,0.13530676238421566,0.025573361813474797,5.565296208822112e-10,1.4636523403198525e-08,1.4395539274718203e-14,8.489923726140923e-17,7.347277127664903e-12,4.99810412669976e-21,1.1518309050022044e-12,7.784910115168088e-18,3.4964165158796403e-13,3.482464879240631e-18,2.2672319991716105e-15,6.837303421414035e-17,1.7234825276190427e-12,1.873313317396552e-17,0.5173583710931368,0.0,4.1676407916995644e-26,2.715297661673465e-23,5.693260593223318e-18,6.953823178797649e-15
2.4307692307692306,1310.2479944511558,0.24741963399263392,6.471092050745217e-07,7.214361702782467e-15,1.1524014044639464e-15,2.888649377777585e-09,0.08078717954946742,7.498410011508892e-19,1.636610467213709e-16,1.4367429020093448e-23,1.9648438059251072e-21,1.331136313687215e-16,2.017238758096819e-18,8.169144959864204e-11,1.587495296978537e-06,0.1389478466102051,0.02515571423881874,3.481671245377572e-10,1.6262202086631835e-08,1.1838688440711423e-14,6.327299223338051e-17,1.2288924360214472e-11,2.644774102587519e-21,2.073236628272732e-12,1.1516746478885669e-17,1.2884145419927933e-12,1.059926399551109e-17,1.4647129276301655e-14,5.089581564324095e-17,2.9413974980826783e-12,2.024982112525954e-17,0.5076873714050159,0.0,2.8060865080787467e-25,3.90463087192175e-22,7.901621219455631e-18,1.9717054557272974e-14
2.523076923076923,1259.5035920808614,0.26136785188579464,2.907108231022573e-07,9.611754348086817e-16,1.3347408260031597e-16,8.776914582102608e-10,0.07304630888266739,8.648357304100786e-20,3.383313111502173e-17,1.9882224392069915e-24,4.418439567304503e-22,6.670312800033686e-17,8.826492017110193e-19,1.0571902246208718e-10,4.893052936828885e-06,0.1423683330796981,0.024838811015572622,2.1063420751793498e-10,1.7962775578905053e-08,9.480828911442939e-15,4.5685294975997e-17,2.072682359925863e-11,1.317876133070313e-21,3.74356153234248e-12,1.6832618168502093e-17,4.913089454359132e-12,3.289593869899634e-17,1.0018909785659793e-13,3.6615262229489864e-17,5.059046287285049e-12,2.1524204226145328e-17,0.49837349218107607,0.0,1.9764099223040027e-24,6.100919911183632e-21,1.0879133272765267e-17,5.7465782472578e-14
2.6153846153846154,1210.0115826720908,0.2748623797015717,1.2451940632452272e-07,1.1514009740996158e-16,1.3868733242464547e-17,2.4995592617400196e-10,0.06552531882492531,8.910153143346455e-21,6.432243905441385e-18,2.441191966673601e-25,9.021083589441417e-23,3.160854194520459e-17,3.6244889898822823e-19,1.3596930256550068e-10,1.5687566009944406e-05,0.14559254861707596,0.02460132179683298,1.2303241509223497e-10,1.9743772669264784e-08,7.392622751482999e-15,3.194008969258443e-17,3.53556781513284e-11,6.182720149554677e-22,6.815680590927738e-12,2.441322506854904e-17,1.9549943354334595e-11,1.0491256335237066e-16,7.33624554012848e-13,2.5466483184723016e-17,8.803811724809143e-12,2.254442660810744e-17,0.4894025986500081,0.0,1.4745490037576514e-23,1.0523247065347043e-19,1.4907085737002813e-17,1.7325538269962223e-13
2.707692307692308,1161.8360910067565,0.2878638355759304,5.077360196381638e-08,1.2335031737476274e-17,1.2841263112588226e-18,6.648650805288524e-11,0.05825153886721309,8.145805945176528e-22,1.1187314101058832e-18,2.6510993553223476e-26,1.6688517214323476e-23,1.416192810084279e-17,1.396123124695279e-19,1.7414564927431065e-10,5.252536999537345e-05,0.1486359074208394,0.02442178148336446,6.932609946868056e-11,2.1607124123650438e-08,5.612496906818006e-15,2.1616578074852264e-17,6.10971235774752e-11,2.733457226712019e-22,1.2560782083801838e-11,3.525870359047129e-17,8.16395034669281e-11,3.456560483307499e-16,5.791940243486005e-12,1.7137324068721932e-17,1.5544587357532364e-11,2.3309703574180713e-17,0.4807743384147905,0.0,1.1753722247369636e-22,2.0247795010123167e-18,2.0377347740719852e-17,5.425885754798221e-13
2.8000000000000003,1115.3703231721151,0.3002139142542035,1.981877902750269e-08,1.1965610152087647e-18,1.0725403123900663e-19,1.6633457712216845e-11,0.05130814007294553,6.690116782017012e-23,1.79533646023568e-19,2.5836475936133295e-27,2.829195928239701e-24,6.03587894583953e-18,5.079807016709125e-20,2.220735377960747e-10,0.0001825787840386933,0.1514821699758682,0.024278849836098633,3.782080785346546e-11,2.3535960785447194e-08,4.156909470814932e-15,1.419939325139348e-17,1.0664219078158695e-10,1.1471868856925203e-22,2.3404165521360106e-11,5.0722826128285324e-17,3.556341206919618e-10,1.1711560180818948e-15,4.882494296122817e-11,1.1200018519504413e-17,2.7793454942387574e-11,2.3822035317037696e-17,0.47253430288151793,0.0,9.925143620046751e-22,4.28668854111346e-17,2.777732530518555e-17,1.7557308302952689e-12
2.8923076923076922,1072.0912690149678,0.31138218026564995,7.653635441766339e-09,1.1394138368806842e-19,8.799895178347274e-21,4.105333246889892e-12,0.044948930225962594,5.378840244030934e-24,2.8300847243195584e-20,2.4525784782577585e-28,4.679731445558931e-25,2.5231521120184886e-18,1.8100690281704794e-20,2.798179085110525e-10,0.0006313397104053685,0.15400771549505626,0.024157826969409546,2.0403930744311855e-11,2.5442135937256697e-08,3.0356421933265714e-15,9.187531448438457e-18,1.8441550240047466e-10,4.717389199740304e-23,4.320451483366261e-11,7.187336125710924e-17,1.5374430023242666e-09,3.916676919180803e-15,4.0859955362906994e-10,7.220078300240709e-18,4.934690115725644e-11,2.40629560484092e-17,0.4648719717047613,0.0,8.260825646166118e-21,8.9978967455678e-16,3.738184183985935e-17,5.6388886620781375e-12
2.9846153846153847,1035.5226988376812,0.32017322624458133,3.2137603523880154e-09,1.3453778715093461e-20,9.097548567038727e-22,1.1492767107078125e-12,0.03972426506707639,5.44259552341806e-25,5.270648421537731e-21,2.8615997727759583e-29,9.022004566829065e-26,1.1275207523296226e-18,6.994226073844201e-21,3.403880126463251e-10,0.0019198407381846778,0.1558803058619208,0.024068419640370913,1.1570272205345596e-11,2.7082230280456445e-08,2.2552916072492216e-15,6.114632405843482e-18,2.9934744725718946e-10,2.0722102085474027e-23,7.423892128215503e-11,9.677682905318886e-17,5.69777949824769e-09,1.1458279886672515e-14,2.747247571948434e-09,4.789504856012762e-18,8.209475745205882e-11,2.397103773026237e-17,0.4582339028820332,0.0,5.483061859821048e-20,1.3823773806466718e-14,4.818234160523737e-17,1.5998804605943274e-11
3.076923076923077,1008.6719870774621,0.3256414181484253,1.6296937860659481e-09,2.5526165072072713e-21,1.5630784146681552e-22,4.264766183948101e-13,0.03605287746594596,9.171659856025479e-26,1.426376164145995e-21,5.309455603652436e-30,2.4703961126963055e-26,5.934253628432453e-19,3.2862116501481917e-21,3.90460434329514e-10,0.004491285185123796,0.1568071049351285,0.02404000736608489,7.38768733820706e-12,2.8198261791151596e-08,1.7694091321230549e-15,4.40281074707147e-18,4.31078259941612e-10,1.0705566613951081e-23,1.1093396681135441e-10,1.1923242858778485e-16,1.5432089665323645e-08,2.5739359345424467e-14,1.1786455046569688e-08,3.429591578404471e-18,1.2018931868935374e-10,2.3526379446997885e-17,0.45296724875682404,0.0,2.3052767408377995e-19,1.1162266516390548e-13,5.76527801264558e-17,3.5351871747474827e-11
3.169230769230769,990.1373489163068,0.32834447017784035,9.964824278548174e-10,7.733949888214328e-22,4.43286936596688e-23,2.0924428793934845e-13,0.033662592123333265,2.5595711753744343e-26,5.592557613746637e-22,1.5596776649554996e-30,9.590376832467903e-27,3.68453180842527e-19,1.879852189848743e-21,4.2461076151799975e-10,0.008153768283462336,0.15692721663746614,0.024076252505754937,5.314513568835732e-12,2.8814586767898005e-08,1.4710662299450207e-15,3.440658315559386e-18,5.544377908943405e-10,6.5138575192425496e-24,1.450188833728945e-10,1.3530753219500465e-16,3.0863543189224574e-08,4.488298830440562e-14,3.2724316704779703e-08,2.656297309944428e-18,1.5569284483974163e-10,2.283713176022017e-17,0.4488356055260085,0.0,6.239423595950255e-19,4.829829366364933e-13,6.44260355464957e-17,6.139179451996707e-11
3.2615384615384615,976.8843642544294,0.329338696301316,6.920487079599047e-10,3.2198437615826808e-22,1.766640557679222e-23,1.2414134488553923e-13,0.03206336125733219,1.0064150109768063e-26,2.8220494280358135e-22,6.262150165344215e-31,4.722926205493042e-27,2.5623141152760985e-19,1.230537342588675e-21,4.4592819385865475e-10,0.012482006394966952,0.15654245380406637,0.024158475624571043,4.148290442466475e-12,2.9099026133323505e-08,1.2737711487885232e-15,2.8460953599844563e-18,6.614735479892539e-10,4.433821878213411e-24,1.7334370846697772e-10,1.4545968777848102e-16,5.033608748803368e-08,6.605027945034158e-14,6.778457083666772e-08,2.1719719976696686e-18,1.8581912183022416e-10,2.2028135519622703e-17,0.4454148571430491,0.0,1.256191618361331e-18,1.3727987515189834e-12,6.883672099283854e-17,9.068778678774536e-11
3.353846153846154,966.8140459578848,0.3293317663852422,5.20530442800374e-10,1.6353158262926782e-22,8.710124954319756e-24,8.295454789773449e-14,0.0309300480790595,4.904177770809812e-27,1.667814028356212e-22,3.057686295528565e-31,2.699948346506635e-27,1.9136925929078604e-19,8.767632264476094e-22,4.584546195731904e-10,0.017184852734639718,0.15586056282515398,0.024270198274818692,3.4084485936434366e-12,2.9180239459171655e-08,1.1318804542895405e-15,2.4406899779481094e-18,7.533694435767706e-10,3.2387593480359968e-24,1.9601561148749085e-10,1.51265867019157e-16,7.23129485933231e-08,8.748785297930482e-14,1.1700914385483812e-07,1.837880537200581e-18,2.1078889075076153e-10,2.1173150660261352e-17,0.4424223509318595,0.0,2.104253835804596e-18,3.0038319723191125e-12,7.15558254531862e-17,1.2115151183947494e-10
3.4461538461538463,958.749917659142,0.32871387198952395,4.122332232330351e-10,9.442546281701226e-23,4.9263517287995515e-24,5.985834044860298e-14,0.030084269552060523,2.7447421286782168e-27,1.0915584298572557e-22,1.6942650214595182e-31,1.699787628874975e-27,1.4969960259886156e-19,6.599964786367911e-22,4.650292883100095e-10,0.022100657234153446,0.15499798384448327,0.024400885942525694,2.895200214517554e-12,2.9133743991457004e-08,1.0229823142674193e-15,2.142783742055892e-18,8.329190560220267e-10,2.4767908935014873e-24,2.1391645485671906e-10,1.5402378965692986e-16,9.575455370259258e-08,1.0831993326053306e-13,1.7964629728986808e-07,1.5902974886969583e-18,2.314545425334342e-10,2.0310067673945263e-17,0.4397020245867545,0.0,3.1322964382021004e-18,5.555256345740506e-12,7.309684631257582e-17,1.5173116033494272e-10
3.5384615384615388,952.0288107689393,0.3277021764027991,3.381364324922857e-10,5.949601713515448e-23,3.0589597118485813e-24,4.5510618919596295e-14,0.029427018574365093,1.6879266577573037e-27,7.657699180089863e-23,1.0232807561376855e-31,1.142895576383262e-27,1.208712962256967e-19,5.158426963794229e-22,4.674760775367811e-10,0.027139351874997705,0.15402023299506137,0.02454410169033037,2.5156673339879935e-12,2.900326496745442e-08,9.35399739285415e-16,1.911796931127104e-18,9.025687312583802e-10,1.9545089519514604e-24,2.279227012297952e-10,1.546370408821277e-16,1.199853592972746e-07,1.2812925621429752e-13,2.5475204182404084e-07,1.3973342887098338e-18,2.48615275985012e-10,1.9458343082062725e-17,0.43716671234330434,0.0,4.304380558685814e-18,9.166664047717535e-12,7.380444831061798e-17,1.818996198634354e-10
3.6307692307692307,946.2563118996463,0.3264243566704234,2.8441751527305473e-10,3.9900661831836957e-23,2.0303943611894074e-24,3.5919196453687613e-14,0.028900167872311377,1.1102911514516424e-27,5.645332279371669e-23,6.573615127230501e-32,8.055489468835788e-28,9.984103278932787e-20,4.1419906186382816e-22,4.669813123756056e-10,0.032248111989118464,0.15296612796611403,0.024695803622593337,2.221727104681014e-12,2.8815263682629617e-08,8.62538892545286e-16,1.7256080820570616e-18,9.641923016006996e-10,1.5776287863009136e-24,2.3875784821506526e-10,1.537243686853916e-16,1.4455700282428582e-07,1.4672691077013714e-13,3.4138780500336737e-07,1.2414507625818385e-18,2.629094267032625e-10,1.8628178157294898e-17,0.43476491467437245,0.0,5.588161165707696e-18,1.3945952111383595e-11,7.39094723879982e-17,2.1138533293437544e-10
3.723076923076923,941.1840540213402,0.324959924544468,2.437593868366297e-10,2.803158831821879e-23,1.4162307808990168e-24,2.914886821853399e-14,0.02846753435286614,7.678502563258022e-28,4.318267068522766e-23,4.421915771941402e-32,5.881219949000391e-28,8.388750062091049e-20,3.393668720710857e-22,4.6434308138622897e-10,0.03739421498353214,0.1518599806757404,0.024853344878156422,1.9861107114253602e-12,2.8586598862043682e-08,8.003947447046872e-16,1.5711537444151312e-18,1.0191959768190346e-09,1.295220121218879e-24,2.469960526786898e-10,1.517167807823896e-16,1.6916290885557387e-07,1.6404119460651792e-13,4.3867808369657633e-07,1.1121817439650529e-18,2.748319888785e-10,1.7824923938704998e-17,0.43246436162631613,0.0,6.95558381973675e-18,1.9976070841552425e-11,7.357063171411196e-17,2.400465134445064e-10
3.8153846153846156,936.6475228294353,0.32336096281293214,2.1195620056358551e-10,2.0410488359883915e-23,1.0262823003662524e-24,2.4166779126883094e-14,0.028105407988917776,5.519007585690761e-28,3.3983046491439205e-23,3.0821521411556514e-32,4.412206762281625e-28,7.142021477034037e-20,2.8243522685881395e-22,4.601172602264102e-10,0.04255639894434555,0.15071778317822176,0.02501492039193802,1.792219045317994e-12,2.832852224961606e-08,7.463819740946944e-16,1.440197966315292e-18,1.0686446042525396e-09,1.0774821254704503e-24,2.53091808928729e-10,1.4892149999032557e-16,1.9358802963082149e-07,1.8006287051537638e-13,5.458223182543438e-07,1.0028554275171218e-18,2.847682842895343e-10,1.7051255618077292e-17,0.43024375636906814,0.0,8.382667860051966e-18,2.7320169309800904e-11,7.290037626472422e-17,2.6781089709922685e-10
3.9076923076923076,932.53298195478,0.3216630663845409,1.8642802947792494e-10,1.5288343474696795e-23,7.664991757223906e-25,2.0378747506562224e-14,0.027797566022532735,4.089704599630699e-28,2.7350637027807595e-23,2.2097923118931722e-32,3.382426443899043e-28,6.144904723647604e-20,2.3799803471168174e-22,4.5470311076983563e-10,0.04772029178202745,0.14955049750766308,0.0251792547219599,1.629350523231682e-12,2.8048845573764444e-08,6.987460566661927e-16,1.32726493804692e-18,1.1133585374601412e-09,9.05846015714332e-25,2.5740790966785244e-10,1.4556226594882408e-16,2.1767868391135156e-07,1.9481684703294224e-13,6.620921269313876e-07,9.08983988310916e-19,2.930223098187894e-10,1.6308305939169045e-17,0.4280884131241837,0.0,9.84904899304036e-18,3.602546464990854e-11,7.198059455493861e-17,2.9464529733700385e-10
4.0,928.7589262419312,0.31989143625994065,1.655074706752928e-10,1.1717394894466249e-23,5.866306560108335e-25,1.7421925276698147e-14,0.02753250075414717,3.1062944172707626e-28,2.2416138402616755e-23,1.6210711390759643e-32,2.6389380486849347e-28,5.332559260218935e-20,2.0259635457308389e-22,4.4839495693454853e-10,0.05287586186639637,0.1483658994797631,0.02534541913473853,1.4902765199681658e-12,2.7753173838368468e-08,6.562461141929053e-16,1.2285521801011745e-18,1.1539816986578216e-09,7.6814635288136865e-25,2.602371972533279e-10,1.4180499014011823e-16,2.4132377695072876e-07,2.0834678365536905e-13,7.868243760576179e-07,8.274138890186536e-19,2.9983764257730573e-10,1.5596289074055974e-17,0.4259878239073459,0.0,1.1337497062928679e-17,4.612618555094195e-11,7.087233488377523e-17,3.20539356238951e-10
