grid,velocity,T,density,X_H,X_H2,X_O,X_O2,X_H2O,X_OH,X_H2O2,X_HO2,X_AR,X_N2
0.0,2.3309609127161663,300.0,0.849472108551586,3.929353657974673e-15,0.29585798816567677,0.0,0.14792899408285393,3.983500297184722e-18,4.984688378649349e-15,4.966623525649121e-17,0.0,0.0,0.5562130177514603
0.012,2.3309609127165785,300.0000000000551,0.8494721085514325,3.1624123564096284e-19,0.2958579881656783,0.0,0.14792899408284943,3.829839866481044e-15,1.6202416688616064e-17,4.9668687203643925e-17,0.0,0.0,0.5562130177514684
0.018000000000000002,2.330960912716517,300.0000000000474,0.8494721085514557,0.0,0.29585798816567743,0.0,0.1479289940828505,3.3599445854755047e-15,0.0,4.9669905721167987e-17,0.0,0.0,0.5562130177514687
0.022,2.3309609127160646,300.000000000043,0.8494721085516211,0.0,0.2958579881655376,0.0,0.14792899408288127,3.065948312331115e-15,0.0,4.967079333623518e-17,0.0,0.0,0.556213017751578
0.024,2.330960912698379,300.00000000006065,0.8494721085580664,0.0,0.2958579881595842,0.0,0.14792899408416804,2.9282614470584072e-15,0.0,4.96814442554861e-17,0.0,0.0,0.5562130177562448
0.025,2.330960912321303,300.0000000008276,0.8494721086954842,0.0,0.29585798803164554,0.0,0.14792899411181618,2.9562442530652154e-15,0.0,5.036546241148831e-17,0.0,0.0,0.5562130178565352
0.026000000000000002,2.330960901527139,300.0000000405356,0.849472112629201,0.0,0.2958579843231962,0.0,0.14792899491322353,1.0637680701877434e-14,0.0,1.114435888581633e-16,0.0,0.0,0.5562130207635695
0.026500000000000003,2.3309607854761993,300.00000081541435,0.849472154921648,1.154692139093344e-19,0.29585794354953465,3.472562722303661e-15,0.14792900372446294,2.468127295796187e-13,5.2495067030867076e-18,2.1648664977144406e-15,1.4007079682500379e-14,0.0,0.556213052725736
0.027000000000000003,2.3309591139143544,300.0000212349765,0.8494727640894374,6.574079320805861e-18,0.29585733222720806,1.6849616316042503e-13,0.14792913582888015,9.933053526864152e-12,3.3811122362752605e-16,9.489623023778339e-14,7.168942280780183e-13,0.0,0.556213531932998
0.027250000000000003,2.330950182757285,300.0002255735031,0.8494760188885283,2.035761305958527e-16,0.29585381870997723,2.0336966744579986e-12,0.14792989503713241,1.6009883984839245e-10,1.4597794317086328e-14,1.6768838880494517e-12,1.2539586202312454e-11,0.0,0.5562162860765266
0.027500000000000004,2.33088778662275,300.00302016880255,0.8494987587301503,1.3073650329294194e-14,0.29582572255769074,3.0587556291945635e-11,0.14793596507948498,3.3137817380871957e-09,1.0682040526526155e-12,3.818900104877827e-11,2.817967701372037e-10,0.0,0.5562383086973879
0.027625000000000004,2.3307391745146386,300.01770266222326,0.8495529242933391,4.144944973361296e-13,0.29573795820221555,1.9806132501726437e-10,0.14795491809238032,2.851614017053211e-08,3.4660676650765175e-11,3.5875167573202154e-10,2.584657501842629e-09,0.0,0.5563070920127183
0.027687500000000004,2.3305915909979333,300.05994649492067,0.8496067217965919,4.473857237282644e-12,0.29557895147623986,7.295948791240123e-10,0.14798922424759428,1.3534362674033117e-07,3.7191110085415487e-10,1.8458361562089229e-09,1.2835899272325019e-08,0.0,0.5564316731448239
0.027750000000000004,2.3306531198793454,300.2361147010162,0.849584292315518,4.325113377067806e-11,0.2951419787936853,3.152724596539089e-09,0.148083326050507,7.739372661095315e-07,3.5775296319749917e-09,1.1534154060622201e-08,7.66099363717325e-08,0.0,0.5567738263009457
0.027781250000000004,2.3314546468235786,300.5336249432009,0.8492922151455962,1.92743772549015e-10,0.2946372936879158,7.605338141628064e-09,0.1481916208342932,2.280838815781253e-06,1.550325836160119e-08,3.636740558622572e-08,2.299145574765923e-07,0.0,0.5571685150556719
0.027796875000000006,2.332734413283957,300.85917972300416,0.8488262831247532,4.6370372855139755e-10,0.29421992074334946,1.281540057309238e-08,0.14828071751460978,4.434123157082827e-06,3.608328207220713e-08,7.433678588813852e-08,4.5338330454161655e-07,0.0,0.5574943505364067
0.027812500000000004,2.335471791911891,301.44255342494097,0.8478313839900552,1.1431509352673924e-09,0.29362125343599765,2.268212468266111e-08,0.14840762052427378,9.249739093861675e-06,8.548395526139817e-08,1.642298677071197e-07,9.65473759046186e-07,0.0,0.5579606372877771
0.027828125000000002,2.341008872582512,302.4872357446526,0.8458260474397611,2.989928765148506e-09,0.2927638734145471,4.143336886388313e-08,0.14858734434643786,1.9990126482474285e-05,2.043578142793218e-07,3.761592164029965e-07,2.136002747182469e-06,0.0,0.5586260311694571
0.027835937500000005,2.345753818107535,303.3186521603866,0.844115126882543,5.442352831021658e-09,0.2921964401127182,5.729139391355894e-08,0.14870457188465508,3.029747668136005e-05,3.2789102165518354e-07,5.889259659128498e-07,3.284148456783841e-06,0.0,0.5590644268267541
0.027843750000000004,2.352663420746071,304.4771001414609,0.8416360217400667,1.0552763518944826e-08,0.2915079003775464,8.049374380052028e-08,0.14884457873786028,4.6881783585114154e-05,5.337853969088024e-07,9.434387171426638e-07,5.170501510528079e-06,0.0,0.5595939003288763
0.027851562500000003,2.362638402988234,306.0893415704099,0.8380826619900439,2.2475955169663374e-08,0.29067374531885054,1.1468481644281042e-07,0.1490105478643114,7.348468632931532e-05,8.794069035731798e-07,1.530688117017229e-06,8.25987218791962e-06,0.0,0.5602314150025286
0.027855468750000004,2.3692442574371415,307.1312156425252,0.835745945563454,3.548711544674501e-08,0.290190321252563,1.3812393039344965e-07,0.1491045081918326,9.279494212774331e-05,1.143694864282941e-06,1.966765700562631e-06,1.0537816858357202e-05,0.0,0.5605985537250077
0.027859375000000006,2.3772561270369295,308.37529372876236,0.8329293002160044,5.712488268030896e-08,0.28965656705210907,1.6738189351219507e-07,0.14920607032170968,0.00011786246845576573,1.4978149224915957e-06,2.542196199526684e-06,1.3529285598277904e-05,0.0,0.5610017063542291
0.027863281250000003,2.3869503104873924,309.85957540752287,0.8295465028209309,9.399329790705267e-08,0.2890677471720109,2.040880515663359e-07,0.14931526579028911,0.00015034453123563207,1.974833357081157e-06,3.2985681353664123e-06,1.74427824041935e-05,0.0,0.5614436282412182
0.027867187500000005,2.3986515651479516,311.62859985611647,0.8254997563675359,1.5767292136135436e-07,0.2884188357478651,2.5042731931555356e-07,0.1494319101766268,0.00019234226309278898,2.621821966810648e-06,4.28797475905738e-06,2.2536604306786167e-05,0.0,0.5619270573111419
0.027871093750000006,2.412739246557013,313.7342765394046,0.8206797670569754,2.684139774596788e-07,0.28770454654286454,3.0937150649840825e-07,0.14955553328937435,0.0002465012838289799,3.5066548595759723e-06,5.574480229070144e-06,2.9122117140604203e-05,0.0,0.562454637846219
0.027875000000000004,2.429653061970173,316.2366697627792,0.8149666773590133,4.613228875091854e-07,0.28691937951746016,3.8501648185407633e-07,0.1496853008702079,0.0003161249948911343,4.7283099809894026e-06,7.2350497951231794e-06,3.7560273413213896e-05,0.0,0.5630288246448821
0.027876953125000003,2.4393602107043004,317.6629058225797,0.8117236128068134,6.115935209989431e-07,0.2864970117247277,4.313724456825777e-07,0.149752172623724,0.0003583924309999582,5.522307346996208e-06,8.242144782517396e-06,4.2636524777111146e-05,0.0,0.5633349792776751
0.027878906250000002,2.450014787703916,319.2211005155795,0.8081936048860812,8.09783208843233e-07,0.28605412115740103,4.84627979763873e-07,0.14981992128471894,0.0004065779604952153,6.469688495743504e-06,9.3888732886077e-06,4.837685737699452e-05,0.0,0.5636538497670348
0.027880859375000004,2.461697833826204,320.9222742940801,0.8043579744947739,1.0710380991270344e-06,0.28558993957695417,5.459744285233322e-07,0.14988824531589182,0.000461442300179279,7.602666181349931e-06,1.0690903800677334e-05,5.483947110135035e-05,0.0,0.5639856227533637
0.027882812500000003,2.474495218229852,322.7781026856126,0.8001980642315932,1.4148870975370425e-06,0.28510370121702316,6.168341912259649e-07,0.14995679490747837,0.0005238266966310644,8.96061377097167e-06,1.2164718838706517e-05,6.207935323370634e-05,0.0,0.5643304407717353
0.027884765625000002,2.488497459528188,324.80089390950997,0.7956955214667925,1.866391263363405e-06,0.2845946473212875,6.989054882848811e-07,0.15002516958479006,0.0005946570853209815,1.059157371049328e-05,1.3827432793146199e-05,7.01452619139342e-05,0.0,0.5646883964434323
0.027886718750000004,2.503799417696896,327.003549421535,0.7908326321547605,2.4575339750115924e-06,0.28406203107893796,7.942140624857564e-07,0.150092916504727,0.000674947276850218,1.2553997122082241e-05,1.5696563908910273e-05,7.907609238066346e-05,0.0,0.5650595267380356
0.027888671875000003,2.520499832495141,329.39950414190724,0.7855927060654568,3.228883064118657e-06,0.28350512291251145,9.051720023107441e-07,0.15015952959924805,0.000765800800454298,1.4918702870246656e-05,1.77897679722225e-05,8.889667168425478e-05,0.0,0.5654438074901931
0.027890625000000002,2.5387006836853523,332.0026430488108,0.7799605116663709,4.231552668259855e-06,0.2829232160529628,1.0346434734512238e-06,0.15022444970115806,0.0008684109891938934,1.7771016736829387e-05,2.0124547694630933e-05,9.961310507018046e-05,0.0,0.565841148391042
0.027892578125000005,2.5585063493554485,334.82719094312404,0.7739227557068128,5.529485843409807e-06,0.2823156323153207,1.1860165845550948e-06,0.15028706574993372,0.00098405886088892,2.121301220056667e-05,2.2717958494522192e-05,0.00011120789400424805,0.0,0.5662513887067294
0.027894531250000004,2.5800225417571694,337.88757259044473,0.7674685986317604,7.2020681808979585e-06,0.28168172796626445,1.3632798845904665e-06,0.15034671712442715,0.0011141083445450409,2.5365722527163847e-05,2.558633711862596e-05,0.0001236351560013683,0.0,0.5666742940010506
0.027896484375000002,2.60335500592167,341.19824120946697,0.7605901923602624,9.347067004075427e-06,0.28102089955397713,1.5711011027232512e-06,0.15040269709101958,0.0012599984363009327,3.0371129827126606e-05,2.874508263575854e-05,0.00013681638828126172,0.0,0.5671095541498514
0.027898437500000005,2.6286079755099463,344.77347448333336,0.7532832219024359,1.2083869550416725e-05,0.28033258955235507,1.8149047381870295e-06,0.1504542572995662,0.0014232319547000604,3.6393663451340987e-05,3.220851782486265e-05,0.00015063731248376257,0.0,0.5675567829253302
0.027900390625000004,2.655882393338281,348.62713898265235,0.7455474271151719,1.5556966575609466e-05,0.2796162916585963,2.1009440670996246e-06,0.15050061321820166,0.0016053607130965195,4.362086435496092e-05,3.5989851068691524e-05,0.00016494639211801882,0.0,0.5680155193919212
0.027901367187500005,2.670313642885493,350.6637261578543,0.741518244657779,1.764169507195713e-05,0.2792463263365784,2.2630207121316958e-06,0.15052158703616542,0.0017044373242191809,4.777895721448685e-05,3.801091496388873e-05,0.00017223672759828035,0.0,0.5682497179874763
0.027902343750000003,2.685298285211673,352.77649290668813,0.7373803856895531,1.9981532851916322e-05,0.27886904125504813,2.438829190421155e-06,0.1505408470474138,0.0018090548448604108,5.2330664351619916e-05,4.0119987351504734e-05,0.00017957875629622314,0.0,0.568486607082636
0.027903320312500004,2.700847711581261,354.9670154959083,0.7331351104436695,2.2603879625787746e-05,0.2784843865282769,2.629458893889588e-06,0.15055827613962233,0.00191943176022873,5.7306794005070057e-05,4.2318774260602975e-05,0.00018694222129267944,0.0,0.568726104443794
0.027904296875000005,2.7169726883676613,357.2367886091808,0.7287840227033973,2.5538444909577934e-05,0.2780923165240921,2.8360641832284207e-06,0.15057375556230218,0.0020357861954562228,6.273930493047227e-05,4.460895014483487e-05,0.0001942950680608539,0.0,0.5689681238859207
0.027906250000000004,2.7509791080553208,362.017293001344,0.7197751083440879,3.24141646919404e-05,0.27728866291904475,3.2991067545693404e-06,0.15059845034550454,0.0022861230225442383,7.502547053185168e-05,4.945037979664137e-05,0.00020881618923539915,0.0,0.569457758401896
0.027908203125000003,2.7873432454956375,367.12295714160643,0.7103848041978812,4.0932722828660087e-05,0.2764555935185173,3.839045714132998e-06,0.1506144284197242,0.002561846754823606,8.947187053388742e-05,5.465830845753496e-05,0.000222896519894982,0.0,0.5699563328395055
0.027909179687500004,2.8064291764241838,369.801114420715,0.7055536274996339,4.595010202552404e-05,0.27602630114693494,4.143217249266074e-06,0.15061881688844728,0.002710395303713009,9.763577733899888e-05,5.741456154156926e-05,0.00022969744949104853,0.0,0.5702096455532584
0.027910156250000005,2.8261366688662184,372.56505344351564,0.7006335920054223,5.151014300903171e-05,0.2755894133870527,4.471531020166555e-06,0.15062055349345752,0.0028661286376061015,0.00010645552135294211,6.027090343524238e-05,0.00023628163889654328,0.0,0.5704649147441699
0.027911132812500003,2.8464701108413064,375.41542955408954,0.6956286940513359,5.766114799793488e-05,0.27514491580465433,4.825563858727007e-06,0.1506195176755997,0.0030292365508667175,0.00011596293932232921,6.322879522492646e-05,0.00024261473143471062,0.0,0.5707220367910406
0.027912109375000004,2.86743273392167,378.3527450151022,0.6905432383771098,6.445425757753573e-05,0.27469279854451006,5.206944096728801e-06,0.15061558977435674,0.003199901574685251,0.00012618828924630687,6.628963518377404e-05,0.0002486638694262104,0.0,0.5709809071109175
0.027913085937500005,2.889026570231754,381.3773431072532,0.6853818190385197,7.194343888459352e-05,0.27423305629559575,5.617347444670212e-06,0.15060865145469612,0.003378298263066606,0.0001371597489294072,6.94547328429836e-05,0.00025439814720780945,0.0,0.5712414205713322
0.027914062500000003,2.911252417858482,384.489403331092,0.6801492972061672,8.018544944377846e-05,0.2737656882409063,6.058492441866561e-06,0.15059858616355565,0.003564592548893523,0.0001489028982923455,7.27252763872476e-05,0.0002597890366983815,0.0,0.5715034718933811
0.027915039062500004,2.934109815327544,387.6889377994713,0.6748507760981687,8.923977521466734e-05,0.2732906979931424,6.532135565186138e-06,0.15058527961525395,0.003758941177645436,0.00016144019540820389,7.610229346482664e-05,0.0002648107738107874,0.0,0.5717669560404947
0.027916015625000005,2.9575970256395454,390.97578888801405,0.6694915733600627,9.916854174858342e-05,0.27280809351751806,7.040066102876941e-06,0.15056862030368529,0.003961491224248051,0.00017479045736787185,7.958660579683131e-05,0.0002694406950702794,0.0,0.5720317685884622
0.027916992187500003,2.9817110301876406,394.3496281882388,0.6640771912627902,0.00011003639775357032,0.2723178870432083,7.584100918195007e-06,0.15054850003759382,0.004172379696313848,0.0001889683579081826,8.317877827359894e-05,0.00027365951533399736,0.0,0.5722978060726966
0.027917968750000004,3.006447532688556,397.80995678311905,0.6586132851391238,0.00012191037081109417,0.2718200949648627,8.166079244069625e-06,0.15052481449364497,0.0043917332247152075,0.00020398395418724948,8.687906352138777e-05,0.0002774515394419465,0.0,0.5725649663095713
0.027918945312500006,3.031800973067586,401.356106839643,0.6531056305161587,0.00013485969547125928,0.2713147377358385,8.78785766428907e-06,0.1504974637804019,0.004619667840181307,0.00021984225511680627,9.068734319532073e-05,0.00028080480287401006,0.0,0.5728331486892565
0.027919921875000003,3.0577645510520264,404.9872444884679,0.6475600894254995,0.00014895561446200717,0.27080183975451233,9.451305448066654e-06,0.15046635300490385,0.004856288832551585,0.00023654284323217423,9.46030674895218e-05,0.0002837111389255778,0.0,0.573102254438475
0.027920898437500005,3.0843302590482202,408.7023739369461,0.6419825763837351,0.000164271154263684,0.27028142924509563,1.0158300412607176e-05,0.15043139283233292,0.005101690687487243,0.00025407956118653153,9.862519453826034e-05,0.00028616617241570164,0.0,0.5733721868522673
0.027921875000000006,3.1114889237160472,412.5003427404572,0.6363790245321584,0.00018088087681016412,0.26975353813429087,1.0910725492111232e-05,0.15039250002834414,0.0053559570939818,0.0002724402726212555,0.00010275213150273106,0.0002881692423775663,0.0,0.5736428514945794
0.027922851562500003,3.1392302555181852,416.3798481389225,0.6307553524070381,0.00019886060956582357,0.2692182019247444,1.1710466191213572e-05,0.1503495979731574,0.005619161014989472,0.00029160670543465885,0.00010698167918953598,0.0002897232584246344,0.0,0.573914156368303
0.027923828125000005,3.1675429054088844,420.3394443500854,0.6251174317823889,0.0002182871566737524,0.2686754595662405,1.255940909573941e-05,0.15030261713637863,0.005891364812869523,0.0003115543834112567,0.00011131098202407502,0.0002908344974264074,0.0,0.5741860120558802
0.027924804687500006,3.1964145277421947,424.3775506999918,0.6194710569865631,0.00023923799426312618,0.26812535332530674,1.3459441604000193e-05,0.15025149550193864,0.006172620421190895,0.0003322526498758947,0.00011573648510630066,0.0002915123486773573,0.0,0.574458331832037
0.027925781250000004,3.2258318484321933,428.49246046432876,0.6138219160439351,0.0002617909533309593,0.26756792865362367,1.4412453027793651e-05,0.1501961789332576,0.006462969554738465,0.00035366478460445336,0.00012025389991204677,0.0002917690168394609,0.0,0.5747310317506655
0.027926757812500005,3.255780737370722,432.6823502906681,0.6081755639375498,0.0002860238938591136,0.2670032340554543,1.5420337193858035e-05,0.15013662147000828,0.006762443950183265,0.0003757482127598532,0.0001248581799769592,0.00029161919255039415,0.0,0.575004030708014
0.027927734375000006,3.2862462841157396,436.9452900720861,0.602537398228626,0.0003120143739885557,0.2664313209541091,1.6484996654388173e-05,0.15007278554937156,0.007071065630820773,0.00039845480224417335,0.0001295435076239127,0.0002910797007134707,0.0,0.575277250484474
0.027928710937500004,3.3172128758957027,441.27925314677304,0.5969126372066785,0.00033983931814574427,0.26585224355726134,1.760834858998151e-05,0.15000464214645676,0.007388847189974978,0.00042173124367098975,0.00013430329248182186,0.00029016913614438353,0.0,0.5755506157672742
0.027929687500000005,3.3486642770250126,445.68212670442335,0.5913063006837387,0.0003695746879922428,0.26526605872077724,1.8792332460417573e-05,0.1499321708306098,0.007715792088928679,0.0004455195052538397,0.00013913018220702906,0.00028890749548891783,0.0,0.5758240541562817
0.027930664062500006,3.3805837088958777,450.1517222890349,0.5857231934878738,0.00040129515995500115,0.26467282581065626,2.0038919429025665e-05,0.14985535973642292,0.008051894966569374,0.0004697573533623402,0.00014401608547395358,0.0002873158132036096,0.0,0.5760974961549277
0.027931640625000004,3.4129539297968647,454.6857862987624,0.5801678916566392,0.000435073812895893,0.2640726065625495,2.1350123555913287e-05,0.14977420545030615,0.008397141959254987,0.0004943789283790625,0.00014895220696390984,0.0002854158079742189,0.0,0.5763708751481204
0.027932617187500005,3.4457573138981954,459.2820103949468,0.5746447312829995,0.00047098182919297983,0.2634654649383743,2.272801472458725e-05,0.14968871281557314,0.008751511030557813,0.0005193153648369516,0.00015392909376180797,0.0002832295443003545,0.0,0.5766441273686781
0.027933593750000006,3.4789759288344473,463.9380417448892,0.5691577999240301,0.0005090882121387625,0.26285146697959083,2.417473323636665e-05,0.14959889466088008,0.009114972311498945,0.0005444954446599916,0.00015893669228150324,0.00028077911215533736,0.0,0.5769171918535582
0.027935546875000005,3.546613524671543,473.42128111632115,0.5583033707314995,0.0005916428144616652,0.2616096440185331,2.726434162098894e-05,0.14940744129663983,0.009864957164058212,0.00059509902218152,0.00016895854101598205,0.00027518346121987655,0.0,0.5774598093402687
0.027937500000000004,3.6156634786720874,483.11102262094465,0.5476411997513436,0.0006836359710643554,0.2603418047765376,3.064842765934428e-05,0.14919983842341972,0.010649324486501473,0.0006457850128930077,0.00017896612030432325,0.0002688273481762128,0.0,0.5780011694334439
0.027939453125000003,3.685982024409503,492.98829675551036,0.5371936900632264,0.0007855048620086587,0.2590485117469409,3.4347144479432665e-05,0.14897646402952144,0.011467529143186158,0.0006959938159669034,0.00018886854640678442,0.00026187425479194795,0.0,0.5785409064566978
0.027941406250000002,3.757426926887933,503.03428180681885,0.5269793195085529,0.0008976339752663831,0.2577303451057486,3.838331537046327e-05,0.1487377720628486,0.012318937103839403,0.0007451901208771948,0.00019857339001596054,0.0002544736178030245,0.0,0.5790786913082304
0.027943359375000004,3.829859080840554,513.2305181929144,0.5170128307776014,0.0010203521651463614,0.25638789756197944,4.2783084817240376e-05,0.14848427294354752,0.013202837858684263,0.0007928791218331539,0.00020798936292093948,0.00024675901383393485,0.0,0.5796142288872371
0.027945312500000003,3.9031438718739997,523.5590918825671,0.5073054823728113,0.0011539313773363104,0.25502176898165463,4.757656876835554e-05,0.14821651389507787,0.014118457961904264,0.0008386195490893896,0.00021702884163034858,0.0002388474986879903,0.0,0.5801472553258508
0.027947265625000002,3.9771523007668046,534.0027867575308,0.4978653405188505,0.0012985869254590902,0.2536325608874953,5.279847751008488e-05,0.1479350599270118,0.015064975573847663,0.0008820332231502275,0.00022561009779753315,0.00023083980879515934,0.0,0.5806775350789329
0.027949218750000004,4.051761877583943,544.54520663848,0.4886975948157336,0.00145447914329776,0.2522208709592935,5.848868625460658e-05,0.14764047612354125,0.01604153574485039,0.0009228111145655749,0.00023365914530535788,0.000222821154867854,0.0,0.5812048579280237
0.027951171875000003,4.126857297229724,555.1708683738872,0.4798048833663973,0.0016217161950579642,0.2507872876715482,6.469273150889504e-05,0.14733331170244032,0.01704726608748473,0.000960716114734623,0.00024111115450582097,0.000214862382688885,0.0,0.5817290359600306
0.027953125000000002,4.202330911927387,565.8652679272438,0.47118761599064607,0.001800357802764887,0.2493323852055698,7.146221510105458e-05,0.14701408613086842,0.01808129242856212,0.000995582884898749,0.0002479114209963092,0.00020702132814379563,0.0,0.5822499005830948
0.027955078125,4.278083019034698,576.6149218103089,0.46284428680220263,0.001990419643371176,0.24785671876420734,7.88551020346269e-05,0.14668327742987824,0.019142754018192806,0.0010273152524518628,0.000254015906636956,0.0001993442429397012,0.0,0.5827672996402873
0.02795703125,4.354021984656491,587.4073865065373,0.45477176978854694,0.0021918781757790727,0.24636082040037646,8.693590278551035e-05,0.146341312675109,0.020230817895703437,0.0010558816722562514,0.00025939139295319416,0.00019186720857762213,0.0,0.5832810946764594
0.027958984375000002,4.430064224708558,598.2312587094175,0.44696559306204775,0.0024046756766224475,0.24484519544848474,9.57757349736949e-05,0.1459885606081552,0.021344692062528987,0.00108130927513347,0.00026401530152768844,0.00018461748740111728,0.0,0.5837911584051727
0.0279609375,4.506134065461042,609.0761592702263,0.4394201891420576,0.0026287252901006125,0.24331031962274804,0.00010545226332741958,0.1456253262093689,0.022483637180762833,0.0011036769965146005,0.00026787524324044275,0.00017761478157628065,0.0,0.5842973724123609
0.027962890625,4.582163505216684,619.9327037171583,0.4321291199976379,0.002863915928320953,0.24175663682061138,0.00011604952037431139,0.14525184704417915,0.023646976593586253,0.001123108225632104,0.00027096835954686885,0.00017087238543094524,0.0,0.5847996251223181
0.027964843750000003,4.658091897748741,630.7924620852069,0.4250852766575651,0.003110116891711527,0.24018455764492344,0.0001276576132676892,0.14486829117662794,0.024834104542276438,0.0011397633489115277,0.0002733005158755074,0.0001643982257270035,0.0,0.5852978100406789
0.027966796875,4.733865576587281,641.6479106035642,0.41828105400936905,0.0033671821118693925,0.23859445863626597,0.00014037232456598625,0.14447475644069563,0.02604449252812061,0.0011538324882664017,0.000274885401141293,0.0001581957899649085,0.0,0.5857918242791098
0.02796875,4.809437437336861,652.4923775428408,0.4117085019988148,0.0036349539499354482,0.23698668218801672,0.00015429461664372195,0.1440712708676888,0.027277693832106997,0.0011655286620676744,0.0002757435795943899,0.00015226494610137356,0.0,0.586281567357845
0.027970703125,4.884766493079201,663.3199852479087,0.4053594548408083,0.003913266511012702,0.2353615371017555,0.00016953005076437787,0.14365779408271595,0.028533346258424623,0.001175081528255683,0.000275901532800552,0.00014660265902565397,0.0,0.5867669402752447
0.02797265625,4.959817415710799,674.1255900935421,0.39922564009521383,0.00420194845860044,0.2337192997294044,0.00018618813274648755,0.1432342195019645,0.029811173208972003,0.0011827318084485351,0.0002753907212500034,0.00014120361033602378,0.0,0.5872478448282775
0.027974609375,5.034560073882086,684.9047218123351,0.3932987695797197,0.004500825332157497,0.23206021564107335,0.00020438159766326407,0.1428003771829077,0.03111098322530761,0.0011887264406880032,0.00027424668743808754,0.00013606072866684067,0.0,0.5877241831640975
0.0279765625,5.108969076141907,695.6535233709943,0.38757061411419996,0.004809721385810114,0.23038450175347053,0.0002242256461961207,0.1423560372000011,0.032432668153006876,0.0011933144672911613,0.0002725082155579101,0.0001311656381364916,0.0,0.5881958575405297
0.027978515625,5.183023326009384,706.3686923206759,0.38203306404188636,0.005128460977163823,0.2286923488523181,0.00024583714517175504,0.14190091343780223,0.03377620009274383,0.0011967436329909326,0.0002702165573279676,0.00012650903239148806,0.0,0.5886627702720898
0.02798046875,5.256705594029137,717.0474243238999,0.37667817737361414,0.005456869542547005,0.22698392444328724,0.00026933380450125974,0.14143466771116397,0.035141627304149416,0.0011992576465226655,0.0002674147289583994,0.00012208098106243794,0.0,0.5891248238378076
0.027982421875,5.330002110454962,727.687359370677,0.3714982172680193,0.005794774199331802,0.22525937586855946,0.0002948333422584064,0.14095691413787562,0.036529069224600634,0.0012010940452772297,0.00026414688076718465,0.00011787117387165905,0.0,0.5895819211274581
0.027984375,5.402902181064363,738.2865310410701,0.3664856804064189,0.006142004017615131,0.22351883363012776,0.00032245264902198436,0.1404672237029693,0.03793871075693725,0.001202482597095512,0.0002604577383728408,0.00011386910437964679,0.0,0.5900339658034806
0.027986328125,5.47539782776603,748.8433190548955,0.36163331765433854,0.006498390002722957,0.22176241486599263,0.000352306961900662,0.13996512896631635,0.03937079596900326,0.0012036441761334427,0.00025639211256965117,0.00011006418878519799,0.0,0.5904808627565757
0.02798828125,5.547483455216042,759.3564052828897,0.35693414822430747,0.006863764826610336,0.2199902269311909,0.0003845090578983089,0.13945012887698974,0.04082562133503176,0.0012047900634548031,0.0002519944737830814,0.00010644580175101119,0.0,0.59092251863329
0.027990234375,5.619155544795033,769.8247333964174,0.3523814683622309,0.0072379623264403154,0.2182023710800745,0.0004191684745181568,0.13892169369047022,0.04230352858765608,0.0012061216544950104,0.0002473085863909841,0.00010300318333211123,0.0,0.5913588424166227
0.0279921875,5.690412381809813,780.2474730332538,0.34796885514056347,0.007620816883269898,0.2163989458512633,0.0004563907738309601,0.1383792698453035,0.043804897647188076,0.0012078306215338667,0.00024237719651167648,9.972511106233744e-05,0.0,0.5917897460700364
0.02799609375,5.831754903123411,800.955678510226,0.3395352367411852,0.00840665232802765,0.21277016337857488,0.0005382364332968857,0.13725883229925587,0.0468579270040928,0.0012128884692137654,0.00023197728180962782,9.366582496145994e-05,0.0,0.5926296569807671
0.027998046875,5.901782551000727,811.2406729434132,0.33550647867460903,0.008814314701782469,0.21092132308708997,0.0005835838182851938,0.13667244209089954,0.048430087502959684,0.0012167576912456405,0.0002265637289534794,9.083142274806561e-05,0.0,0.593044095956036
0.028,5.971403120354787,821.4787127481691,0.3315948097330865,0.009229950609310839,0.2090573667021471,0.0006318511042096333,0.13606979479562972,0.05002734206664198,0.0012216844030228124,0.0002210618027007023,8.813267493154406e-05,0.0,0.5934528158414056
0.028001953125,6.040620366344126,831.6696404186372,0.32779518681770314,0.009653384206799795,0.2071784342361469,0.0006831128059320382,0.13545029697953084,0.051650140762945954,0.0012278130356133678,0.00021550619300635736,8.55592154278633e-05,0.0,0.5938557525645968
0.028003906250000002,6.109438526182165,841.8133530590208,0.3241028243340659,0.010084434562583055,0.20528468411868606,0.0007374359345777279,0.1348133602382549,0.05329892560093866,0.001235279652850269,0.000209929578247311,8.310130603652898e-05,0.0,0.5942528490078256
0.0280078125,6.245958922465361,861.9601890174412,0.31701878060964656,0.010963448264292122,0.20147645762501654,0.0008546860301703008,0.13349407448706516,0.056654505548173216,0.0012544817389065917,0.00019887519344527013,7.852879940186119e-05,0.0,0.595024942313529
0.02801171875,6.380964727755695,881.9231268700303,0.31031142871541606,0.011870243279268621,0.1976125628889618,0.000984321326097863,0.13210282902193396,0.06011320920319625,0.0012803030325681205,0.00018807492921631724,7.433687611400292e-05,0.0,0.5957741194426428
0.028015625000000002,6.514499351918711,901.7029568991527,0.3039506452004021,0.012803095718897812,0.1936951949719617,0.0011265079506430822,0.13063621895866798,0.06367704146044115,0.0013135695171227672,0.00017770652262725267,7.048780705698803e-05,0.0,0.5965001770925813
0.02801953125,6.646603087911704,921.300073001586,0.29790951180760855,0.01376012227840038,0.18972707464866706,0.0012812558255447769,0.1290913927810937,0.06734725921562404,0.0013549985322912764,0.0001679154986979309,6.694408421255747e-05,0.0,0.5972030371354682
0.0280234375,6.77731053191611,940.7141747642972,0.292164018706655,0.014739260655775285,0.18571150286797478,0.0014484162395899793,0.1274661644466887,0.07112421166100921,0.0014052041628560264,0.0001588161265112613,6.367161253604347e-05,0.0,0.5978827522270588
0.028027343750000003,6.906648586918908,959.9440476453937,0.2866927795789205,0.015738255524716475,0.18165239998320243,0.0016276825622422546,0.12575911179164506,0.07500720754392974,0.0014647022722345403,0.00015049279872529308,6.0640235361434026e-05,0.0,0.5985395072879425
0.02803125,7.034634925577167,978.9874039592057,0.28147676486969303,0.01675465095738794,0.17755432885774639,0.0018185938968798784,0.12396965860348734,0.07899441160287937,0.001533913752172009,0.00014300167984250618,5.7823536601581296e-05,0.0,0.5991736171130031
0.02803515625,7.161276845862283,997.8407746242492,0.27649905504871924,0.017785789687171597,0.17342250129530354,0.002020541450210525,0.12209813825033881,0.08308277193034425,0.0016131660753930614,0.00013637250716610837,5.51984786874323e-05,0.0,0.5997855203253848
0.0280390625,7.286570477561162,1016.4994448386218,0.27174461385536863,0.018828819320351943,0.16926276755859707,0.0022327773757481683,0.12014583718737917,0.0872679795085173,0.0017026935926647245,0.00013061046726935206,5.2745020248309516e-05,0.0,0.6003757699692239
0.02804296875,7.410511836227823,1034.959036897232,0.267199665076375,0.019880704002307716,0.1650815945412741,0.002454425547287273,0.11811501984315366,0.0915444547847555,0.0018026368994843607,0.00012569811684055127,5.04457022475056e-05,0.0,0.6009450205626492
0.028046875,7.5330901463851845,1053.214619928593,0.2628517968236201,0.020938243470287287,0.1608860236236433,0.0026844938424370936,0.11600893074535007,0.09590537033413181,0.0019130413693560467,0.00012159735923707121,4.8285556707665816e-05,0.0,0.6014940136988497
0.028050781249999997,7.654287007361494,1071.2606239839445,0.2586898399045142,0.021998098273051343,0.15668361325308508,0.0029218875764260408,0.11383177573298232,0.10034270550914019,0.00203385390166423,0.00011825153140840697,4.625249397307778e-05,0.0,0.6020235617282692
0.028052734375,7.7143390348379866,1080.202309951882,0.2566760770475452,0.022529837577602674,0.15457388615634726,0.0030434249176849635,0.11271334241472285,0.10259661502439217,0.0020983946815246787,0.00011682846495885099,4.52769151525664e-05,0.0,0.6022823938476142
0.028054687499999998,7.7740301510460865,1089.0879474969004,0.2547052483670428,0.02306083993050692,0.15246547571713193,0.003166396848028053,0.11157828290951155,0.10486692579733115,0.002165549140981783,0.00011557108266667897,4.4329781671329676e-05,0.0,0.6025366287921705
0.028056640624999997,7.83335556170467,1097.9165896186967,0.2527762546707187,0.023590658133950643,0.15035945280817337,0.0032906455934780176,0.11042735250865743,0.10715233118478443,0.002235289307047951,0.00011446768479128656,4.340931761587619e-05,0.0,0.6027863934615009
0.02805859375,7.8923100738728715,1106.6872619123362,0.25088804948272975,0.02411884211484629,0.14825690594700272,0.0034160108111157134,0.10926135457895932,0.10945146676823674,0.002307583277523419,0.0001135058079535681,4.251418561749162e-05,0.0,0.6030318165087447
0.028060546874999998,7.950888134011009,1115.3989676048966,0.24903963518618513,0.0246449401383589,0.14615893814842082,0.003542330197260952,0.10808113754751966,0.11176291506604372,0.002382395527768493,0.00011267232022611034,4.164328890930581e-05,0.0,0.6032730277654919
0.028062499999999997,8.00908386397487,1124.0506922201707,0.24723005950260163,0.025168500057536975,0.1440666636848945,0.0036694401027931403,0.10688759161976849,0.11408521048077455,0.0024596871582133247,0.00011195352187281158,4.0795678475424204e-05,0.0,0.6035101576956707
0.028064453124999996,8.066891096467664,1132.6414080580676,0.24545841223373577,0.02568907057896564,0.14198120477937262,0.0037971761526985827,0.1056816452687301,0.11641684444357885,0.002539416141960777,0.0001113352518204789,3.9970507389524966e-05,0.0,0.6037433368754833
0.028066406249999995,8.124303410527638,1141.1700785600474,0.2437238222273915,0.026206202530417964,0.1399036882533928,0.003925373867069888,0.10446426152721901,0.11875627071674838,0.0026215376000784754,0.00011080299964475605,3.916700554206235e-05,0.0,0.6039726954998867
0.028068359374999997,8.18131416720614,1149.6356625799142,0.2420254545450536,0.026719450118951504,0.13783524215311257,0.00405386928092831,0.1032364341122752,0.12110191081413453,0.002706004119505363,0.00011034202245823004,3.838446136989438e-05,0.0,0.6041983629172643
0.028070312499999996,8.237916545438857,1158.037118560425,0.2403625078155132,0.02722837216862241,0.13577699237604854,0.0041824995604168875,0.10199918341057126,0.12345215949745882,0.0027927661257403664,0.0001099374656108135,3.762220145426567e-05,0.0,0.6044204671940766
0.028072265624999995,8.29410357816896,1166.3734086214433,0.23873421175838694,0.02773253332649407,0.13373005932181745,0.004311103613123476,0.10075355235423009,0.1258053903049355,0.002881772327014881,0.00010957448555409719,3.6879556277671974e-05,0.0,0.6046391347105528
0.028074218749999998,8.349868189160444,1174.6435026029244,0.2371398248535101,0.02823150522338736,0.13169555459145205,0.004439522690503342,0.09950060221948051,0.12815996106648503,0.0029729702610663965,0.00010923837257678228,3.615578823038165e-05,0.0,0.6048544897868181
0.028078124999999995,8.460133974208633,1190.9828508620176,0.23404904530237283,0.0292092359809363,0.12768130925815527,0.004694406723934758,0.09698555618005258,0.13285084424383878,0.0031610807162719126,0.00010860573269669243,3.4767133811882596e-05,0.0,0.6052741940303018
0.028082031249999997,8.56866037852717,1207.0518911125148,0.23108469611054588,0.030161549682300826,0.1237290599308939,0.004946719263184225,0.09445567277596972,0.13752656786032189,0.0033570278739099963,0.00010791843185084368,3.344857112995079e-05,0.0,0.6056820356104385
0.028085937499999998,8.6753970693682,1222.8440036835116,0.22824157368833045,0.031085416095852636,0.11984696006737876,0.005195323680937999,0.09191958153786922,0.1421743144576038,0.0035602892144023855,0.00010708568203290371,3.2197667098345365e-05,0.0,0.6060788315968241
0.028089843749999996,8.780296024731916,1238.3531568708763,0.22551475186327985,0.0319780197795556,0.11604273440190195,0.0054391573275432495,0.08938583136723253,0.14678155845673513,0.0037703114938598395,0.00010603254330586402,3.1011529904569204e-05,0.0,0.6064653430999615
0.028093749999999997,8.883312523808753,1253.5740076391967,0.2228995404356899,0.03283678566048385,0.11232359913456318,0.005677242724044,0.08686277605176566,0.15133621708423112,0.003986517330624594,0.00010470293755572356,2.9887255987742844e-05,0.0,0.6068422718207441
0.02809765625,8.984406062433743,1268.501991252444,0.22039144993238594,0.03365940019611974,0.10869619255119257,0.0059086965365094755,0.08435846989972678,0.15582678776128575,0.0042083111568632925,0.00010306155237216202,2.8821985176653785e-05,0.0,0.6072102583607536
0.028101562499999996,9.08354116009444,1283.133396094723,0.2179861624155851,0.034443827913201566,0.10516651715105498,0.006132736267978846,0.08188057537558457,0.1602424695764161,0.004435084311480057,0.00010109440448768306,2.781290020272789e-05,0.0,0.6075698820995935
0.028105468749999998,9.180688037327544,1297.4654214890434,0.21567950793065502,0.03518832323877639,0.10173989396422423,0.0063486846754145275,0.07943628415541129,0.16457326712716328,0.004666219210316323,9.880798169173453e-05,2.685724354135491e-05,0.0,0.6079216624034608
0.028109375,9.2758231493093,1311.4962172790085,0.21346744608776025,0.03589143768461357,0.09842092933854936,0.006555971988272924,0.07703225249423898,0.16881007568734102,0.004901092430354075,9.622706892926999e-05,2.5952372449791743e-05,0.0,0.608266060935251
0.028113281249999997,9.368929566966681,1325.2249048050726,0.2113460522359994,0.03655202259279993,0.09521349408706929,0.006754136068851363,0.07467455127450393,0.1729447473278489,0.00513907631202798,9.33915654999068e-05,2.5095904244032346e-05,0.0,0.6086034848671547
0.028115234375,9.414711782596427,1331.9757116545159,0.21031831038715568,0.03686683313593894,0.09364871693781573,0.006849918278823927,0.07351187759213919,0.17497659557058393,0.005259325244085697,9.189328679019555e-05,2.4684085568132444e-05,0.0,0.6087701558682542
0.028117187499999998,9.45997137585306,1338.6494441892214,0.2093120791689646,0.037170629982520687,0.09211324642337035,0.006943250193073066,0.07236309095016698,0.17697976955828612,0.005380140299753894,9.03493496987912e-05,2.4283734557556445e-05,0.0,0.6089352395085725
0.028119140624999997,9.504707020730393,1345.2461330485353,0.20832691353089228,0.03746334439075431,0.09060738949044954,0.007034101298115528,0.0712288287471344,0.1789534515275859,0.005501446350883666,8.876688628416708e-05,2.389447602910247e-05,0.0,0.6090987768327634
0.02812109375,9.548918739904895,1351.76598345704,0.2073623550123505,0.037744940433987476,0.08913134806021994,0.007122451081482575,0.07010963385027533,0.18089698030979576,0.005623175264923626,8.71530045923863e-05,2.351599934583775e-05,0.0,0.6092608019953771
0.028123046875,9.592606464866696,1358.2091865044026,0.20641796211056432,0.038015392255120455,0.08768530863100213,0.0072082827803335164,0.06900603277134294,0.1828097154183312,0.005745258316725337,8.551475184280575e-05,2.3148037359526333e-05,0.0,0.609421347037942
0.028124999999999997,9.63577050363835,1364.5759825833761,0.20549329990375265,0.038274690863733314,0.08626941340531821,0.007291585095965317,0.06791851121339613,0.1846910798514528,0.0058676289294200676,8.385895287548608e-05,2.2790327509329807e-05,0.0,0.6095804413603293
0.028128906249999995,9.720541082462276,1377.0818152206452,0.2037012406262521,0.03875878959435088,0.0835346706510025,0.0074502085828538,0.06579829620922924,0.1883493630998141,0.006112446064882092,8.052256574838277e-05,2.210645483286347e-05,0.0,0.6098935967772863
0.028132812499999996,9.803280172483898,1389.2925164822436,0.20198201452587605,0.039198888386638965,0.08091993227712106,0.007598883352257729,0.06374549224844435,0.19187941210170512,0.0063575909598952,7.71920646300577e-05,2.146093248499607e-05,0.0,0.6102011476768224
0.028136718749999998,9.884007141849596,1401.212055509506,0.20033233990245355,0.03959546434125288,0.07842486151052633,0.007737687572397488,0.06176237389053764,0.19527902773365385,0.0066025608602586815,7.390868843984225e-05,2.0852697022451343e-05,0.0,0.6105032627059108
0.028140624999999996,9.96274631239573,1412.8450063830203,0.1987490413171003,0.03994920978227227,0.07604853638651572,0.007866765497513459,0.059850631595122994,0.19854690738696654,0.006846875312687924,7.070564558781692e-05,2.028063413815089e-05,0.0,0.610800087759195
0.028144531249999997,10.039526405207047,1424.1964670735895,0.19722905231638035,0.040261011669682774,0.07378949824256856,0.007986318558204425,0.05801140664522016,0.20168258588539947,0.00709007687952481,6.760800657482965e-05,1.9743660820095754e-05,0.0,0.6110917504520049
0.028148437499999998,10.114379971558877,1435.2719792267671,0.19576941782862942,0.040531930223170705,0.07164580313480595,0.008096596455483865,0.05624533060624685,0.2046863698273111,0.007331731630485878,6.463324245195352e-05,1.9240705977678896e-05,0.0,0.6113783641740659
0.028152343749999996,10.187342822981034,1446.0774502051142,0.19436729609054407,0.04076317719322576,0.06961507497409244,0.008197888444640101,0.05455256801722694,0.2075592673700617,0.007571429489411984,6.179218234697836e-05,1.8770678086335347e-05,0.0,0.6116600316509077
0.028156249999999997,10.258453472770436,1456.6190785929748,0.19301995999902985,0.04095609416818539,0.06769455928889778,0.008290514963447041,0.05293286115191215,0.21030291530541312,0.007808784543283806,5.909017754169699e-05,1.833244027617673e-05,0.0,0.611936847961043
0.02816015625,10.327752598359753,1466.9032840063694,0.19172479784146168,0.0411121312618228,0.06588117664541514,0.008374819724389793,0.05138557582662784,0.2129195050664065,0.008043435394197013,5.6528299282918806e-05,1.7924796722492172e-05,0.0,0.6122089029851353
0.028164062499999996,10.395282531039653,1476.9366417187757,0.1904793134069426,0.041232826479604454,0.06417157488799631,0.008451162352768765,0.0499097473746942,0.215411709075843,0.008275045601970187,5.410444749411359e-05,1.754648916328436e-05,0.0,0.6124762832904657
0.028167968749999998,10.461086777042837,1486.7258223468873,0.18928112551660256,0.04131978601312739,0.06256217949931787,0.00851991161254496,0.048504126052722515,0.21778260860883508,0.008503304243315548,5.1814294090737496e-05,1.7196200154055516e-05,0.0,0.6127390734758917
0.028171875,10.525209572030704,1496.2775366371447,0.18812796703305246,0.041374665662725726,0.06104924151491221,0.008581439220126507,0.04716722128913071,0.22003562410803137,0.008727926614337368,4.9652015518655654e-05,1.6872558093068216e-05,0.0,0.6129973570171244
0.028175781249999997,10.587695469582265,1505.598485235414,0.1870176834198479,0.04139915353866,0.05962888255724488,0.008636114202915242,0.04589734432773029,0.22217444866829544,0.0089486551405498,4.761076919629371e-05,1.6574138312985608e-05,0.0,0.6132512166570951
0.028179687499999998,10.648588963240849,1514.6953131533846,0.1859482309255736,0.041394954141900975,0.05829713667836533,0.008684297713175363,0.04469264895681588,0.22420298520599904,0.009165260658549067,4.5682804535483137e-05,1.6299463722037936e-05,0.0,0.6135007343769366
0.028187499999999997,10.765763979115466,1532.2383845202232,0.18392436278322685,0.04130601611337304,0.055894166850448214,0.00876202850272343,0.04247952791732054,0.22793056309831564,0.009584256719557262,4.214963228042026e-05,1.5818424928567034e-05,0.0,0.613985472741053
0.028195312499999996,10.877374784055467,1548.9954279950916,0.18203714767525905,0.041123698197315886,0.05379209257072343,0.008818475657192966,0.04049040573056058,0.2312820205874307,0.009985129661064272,3.898184378712205e-05,1.541278677644088e-05,0.0,0.6144537829651487
0.028203124999999996,10.98377856132666,1565.0174576811644,0.18027368896471033,0.04086077706269994,0.05195996086637021,0.008855978020911568,0.038707070752040836,0.2342915372668569,0.010366932090037353,3.613714582436812e-05,1.5072627517285692e-05,0.0,0.6149065341677415
0.028210937499999998,11.085316973509363,1580.352843087235,0.17862243225694643,0.040529307087170896,0.050368037562064455,0.008876700997207953,0.037111148370922,0.2369927652394207,0.010729087160635049,3.3575304534712283e-05,1.4788366718949188e-05,0.0,0.6153445899113252
0.028218749999999997,11.182313122368269,1595.046992869912,0.1770730490725889,0.04014045742074184,0.04898829054183721,0.008882617660898604,0.03568462575874847,0.23941804820723506,0.011071352627483759,3.126105846231189e-05,1.4551170511981527e-05,0.0,0.6157687955540807
0.028226562499999996,11.275069758433075,1609.1421932842406,0.17561632191996834,0.039704414309214384,0.04779470657320322,0.008875507723000477,0.034410234431985695,0.2415978744592775,0.01139377922170641,2.916422731968208e-05,1.4353112096605134e-05,0.0,0.616179965942196
0.028234375,11.36386845224125,1622.677565479915,0.1742440339559401,0.03923033757672556,0.04676346896231272,0.00885696725503424,0.03327171215643192,0.2435605273220194,0.011696665081151938,2.7259118087602486e-05,1.418721255708514e-05,0.0,0.6165788753156796
0.028242187499999998,11.448969482494613,1635.6891102224802,0.17294886527375683,0.038726359940917734,0.045873023703700055,0.008828423926984859,0.03225396618902551,0.24533189583921597,0.011980509053564781,2.552382902229201e-05,1.404742194075474e-05,0.0,0.6169662500956281
0.028249999999999997,11.53061223478849,1648.2098132939568,0.17172429705495662,0.038199618525421204,0.04510406013480293,0.00879115418055799,0.03134315859885522,0.2469354103746906,0.01224596545168905,2.393961267562867e-05,1.3928567041873903e-05,0.0,0.6173427645542654
0.028257812499999996,11.609015941109352,1660.2697895247313,0.17056452422424354,0.03765630914003138,0.044439429240541894,0.008746300112068488,0.03052673220076308,0.2483920714677315,0.012493802218921643,2.2490334341223957e-05,1.3826280063775491e-05,0.0,0.617709039005537
0.028265624999999996,11.68438062396166,1671.8964478263424,0.16946437680361295,0.03710175534539636,0.04386401931042834,0.008694884840079081,0.02979339301251859,0.24972054475261043,0.012724863813026212,2.1162025941666768e-05,1.3736917565727966e-05,0.0,0.6180656399824336
0.028273437499999998,11.756888138193947,1683.1146634710901,0.16841924985294318,0.036540485815069156,0.04336460508655433,0.008637825799443194,0.0291330624673204,0.2509372994257085,0.012940039585204174,1.9942524512790334e-05,1.3657476490833387e-05,0.0,0.6184130818196967
0.028281249999999997,11.82670322709418,1693.9469470020224,0.16742504169398728,0.03597631492401693,0.04292968316177212,0.008575945774406167,0.028536810095897397,0.2520567721417786,0.013140238121056807,1.8821181310377527e-05,1.3585511163153605e-05,0.0,0.6187518290885985
0.028289062499999997,11.89397452622811,1704.4136013836742,0.16647810003183597,0.035412422745811446,0.04254930338214371,0.00850998158964334,0.027996775156829287,0.25309154202143685,0.013326368046339345,1.7788617168395856e-05,1.3519043762204037e-05,0.0,0.6190822993968653
0.028296875,11.958835458728627,1714.5328600520081,0.16557517559622062,0.034851431668130914,0.04221490348713359,0.008440590209815945,0.02750608381252511,0.25405250541595154,0.013499326558636664,1.6836332006925722e-05,1.3456399920424567e-05,0.0,0.619404866115879
0.028312499999999997,12.081737151343068,1733.7808647569639,0.16389085909528972,0.033747582780482815,0.04166342598840758,0.008293704213071013,0.026657181459164195,0.255776475442372,0.013807552885802727,1.5144355743229423e-05,1.3338204155130875e-05,0.0,0.6200255946708013
0.028328124999999996,12.196978947996234,1751.908067747701,0.1623423545797955,0.03267532453568697,0.041217849931555896,0.00813953998063216,0.025932267423735313,0.257314584210345,0.014074868624661702,1.3689717703174302e-05,1.3222539192149323e-05,0.0,0.6206186530364876
0.028343749999999997,12.305315165423941,1769.0188031135597,0.16091308955769124,0.03164187990909546,0.0408461645801685,0.007980986637679642,0.025303183624265087,0.2587094724498715,0.014306565033655074,1.2433128814569362e-05,1.3105731631571859e-05,0.0,0.6211862089048186
0.028359375,12.40738304659354,1785.2015408567863,0.15958935690768977,0.030651177019899733,0.04052544271942383,0.007820377724498184,0.024748625527254733,0.2599926067604488,0.014507331193311983,1.1342360436636444e-05,1.2985729166766946e-05,0.0,0.6217301109655593
0.028374999999999997,12.50372072548286,1800.5313925672203,0.15835976545244176,0.02970487801587598,0.04023941877474078,0.007659549211645179,0.024252578389196807,0.26118714225721545,0.014681211198150962,1.0391198329624897e-05,1.2861697997488541e-05,0.0,0.6222519692568477
0.028390624999999996,12.594780280213039,1815.0718576464337,0.1572148332378918,0.02880312262804777,0.039976664122111955,0.007499920269639382,0.02380305677026966,0.2623100841172142,0.014831654116388518,9.558216922046215e-06,1.2733581905894716e-05,0.0,0.6227532061775006
0.028406249999999997,12.680936325525156,1828.8758961686199,0.1561466937959867,0.02794504826301925,0.039729246279565957,0.007342585030889499,0.02339111032142147,0.26337385966709587,0.014961636608237123,8.825850205819566e-06,1.2601813176772509e-05,0.0,0.6232350861663883
0.028437499999999998,12.839563467601648,1854.4097394349753,0.15421757028920594,0.026360480731332726,0.039265833471296904,0.007038463155765609,0.022662346066167023,0.2653438019780276,0.015167976121474242,7.607992118153347e-06,1.2328729208510391e-05,0.0,0.6241411617546091
0.028468749999999998,12.984047091483543,1877.7813366370171,0.15250147104848835,0.024923934595906316,0.03881822959136253,0.0067489828384088854,0.022012400560663548,0.26717277747218465,0.015321693735977271,6.636130456969242e-06,1.2045638937080579e-05,0.0,0.6249832994361029
0.028499999999999998,13.11627682616201,1899.2667558526769,0.1509640508441228,0.023619387592927702,0.03837709877035883,0.006475350106051893,0.021422079314942537,0.26888708597973376,0.015433154437561976,5.8489074598474676e-06,1.1756229782925708e-05,0.0,0.6257682386611806
0.028531249999999998,13.237773009509453,1919.0901184819631,0.14957850389909105,0.022431758143652867,0.03793910441713361,0.006217749356222588,0.020879267490042312,0.2705033275469257,0.015510380654708595,5.20267565943351e-06,1.1463956702843224e-05,0.0,0.626501745758952
0.028562499999999998,13.349761257535837,1937.4337539219418,0.14832372231686564,0.021347587767487266,0.03750365133756036,0.005975791214437312,0.020376040008691376,0.2720327312045735,0.015559535889465353,4.665858529633228e-06,1.1171750218363595e-05,0.0,0.6271888249690368
0.028593749999999998,13.453215925270877,1954.4440802869751,0.1471831190990562,0.02035515328950403,0.03707129542295548,0.005748802803181419,0.019907066378689643,0.2734833343937719,0.015585392902783296,4.2152819523211185e-06,1.0882061937750039e-05,0.0,0.627833857465224
0.028624999999999998,13.54887657958992,1970.2337433709715,0.14614394560268262,0.01944431680021582,0.036643048068517994,0.0055360410666611395,0.019468789590132977,0.2748609181935269,0.01559176499980377,3.833800267667155e-06,1.0597164734343864e-05,0.0,0.6284406903161395
0.028687499999999998,13.718454481573295,1998.388351302135,0.1443374167646447,0.017845471941341944,0.03580634279132513,0.005152827545712466,0.01868045862043658,0.27739691589057736,0.015558571796258558,3.23142075249563e-06,1.005081834523293e-05,0.0,0.6295461291752503
0.028749999999999998,13.867651730472325,2023.292549352902,0.14278454062704088,0.016468487280874307,0.03499605792907426,0.004812639048894941,0.01797263590408833,0.27971727468635726,0.015482918134098854,2.772585345615247e-06,9.529612097481351e-06,0.0,0.6305376848191689
0.028812499999999998,13.999925450117965,2045.4784673431097,0.1414354875671105,0.015272708947653642,0.03421649070951692,0.004509749318539918,0.017332832644264905,0.28184787096418096,0.015377011988525398,2.4143404846810317e-06,9.036807953971447e-06,0.0,0.6314318842788795
0.028874999999999998,14.117939009450957,2065.3593182191007,0.140253211225668,0.014226811313899409,0.0334700190279553,0.004239196163286172,0.016751446451557416,0.2838097899179899,0.015249965895099108,2.1288685218760033e-06,8.574186281762728e-06,0.0,0.6322420681754091
0.028937499999999998,14.22372405709196,2083.2533911345013,0.13921011642477393,0.01330642759499359,0.0327576323447377,0.003996809042406862,0.016221104881718483,0.28562032945749694,0.01510846474301277,1.8975245523310746e-06,8.142381871750141e-06,0.0,0.6329791920292095
0.028999999999999998,14.318722892688545,2099.3908918133875,0.13828651457504174,0.012492448854650144,0.03207945188533768,0.003779173684776667,0.015736635479187557,0.2872930013732213,0.014957416690162803,1.7075607013928738e-06,7.741626766250317e-06,0.0,0.6336524228451962
0.029124999999999998,14.478704987054442,2126.774164522183,0.1367585211374169,0.0111402718001201,0.03083163945982527,0.0034118107481305995,0.014901614306814422,0.2902340196591633,0.01464525900707528,1.42092522867256e-06,7.040162003618034e-06,0.0,0.6348269239316388
0.029249999999999998,14.61356258492004,2149.9853219263223,0.13549647941900658,0.010037224953509307,0.02969678792840045,0.0031057615334510436,0.014179731357982223,0.29280994538340566,0.014328045531946686,1.210020168589254e-06,6.432020600725752e-06,0.0,0.6358348612705352
0.029375,14.728611832531554,2169.88134564512,0.13443807906316235,0.009124809161371105,0.02866542996281316,0.002848311165181971,0.01354968743837913,0.2950810531345114,0.01401590822142235,1.0498333043479145e-06,5.9057289276480205e-06,0.0,0.6367078453540889
0.0295,14.827486794612009,2187.0563808278125,0.13354159807818128,0.008361793341983644,0.027728690146910314,0.002630032673026956,0.012996673699611355,0.29709195673340844,0.013714841657853812,9.252133801730047e-07,5.450949623596198e-06,0.0,0.6374696355842017
0.02975,14.981968456098674,2214.1416269510514,0.13216462762133677,0.007195412953873387,0.02612905881384615,0.0022924730977833905,0.0121075253825849,0.30038652442582925,0.013172274404185957,7.511165007612794e-07,4.738490653539912e-06,0.0,0.6387112413147428
0.03,15.104701365995858,2235.7839808021176,0.13109072692344684,0.006311170247343697,0.024768448421393214,0.002032200153686123,0.011381102591430327,0.30310487873526903,0.012682519561471704,6.303528051036516e-07,4.18362619055576e-06,0.0,0.6397148663104102
0.03025,15.204328817113058,2253.431843022468,0.1302317455667037,0.005623458057613528,0.023602675684314733,0.0018271412731111474,0.010777159059814415,0.30538004062874546,0.012244908675771526,5.427068205337542e-07,3.7461023667662606e-06,0.0,0.6405403278114419
0.0305,15.286471241470501,2268.0350573615146,0.12953194041555915,0.005078037186740632,0.022598950424649697,0.0016627836060030608,0.010268724705190298,0.3073038768667719,0.011855903405492255,4.769194482106377e-07,3.3970861908351763e-06,0.0,0.641227849799513
0.031,15.406311903612213,2289.5236041150883,0.12852435380928318,0.004307807214776786,0.0210259534750226,0.0014290425047509964,0.009506431272244865,0.310226393672943,0.01123235224320021,3.8996383444035196e-07,2.9077484205119747e-06,0.0,0.6422687219048065
0.0315,15.496508072007789,2305.768103471728,0.1277762882306508,0.003759897622568457,0.01978100673832232,0.0012607869900921394,0.008918187552090295,0.3124919109829175,0.010723899137881805,3.317567589862766e-07,2.5620573247990754e-06,0.0,0.6430614171620437
0.032,15.566252996773674,2318.3680736554757,0.12720378387590417,0.003356420569471684,0.018781683691612126,0.0011357788523768482,0.008453751944211088,0.31428347139053425,0.010307373077324575,2.90775163840937e-07,2.3100293177122995e-06,0.0,0.6436789196699877
0.033,15.65838287843331,2335.128172850772,0.12645534965510372,0.002845577069885631,0.017385270972404145,0.0009767004743691577,0.007824708365287553,0.31672807511296586,0.009719413434279517,2.4138858392677084e-07,1.9972333215210635e-06,0.0,0.6445180159489028
0.034,15.721864002959858,2346.7135315026476,0.12594475321262727,0.0025136084589618465,0.016386325792199126,0.0008724552608862066,0.007381511835307324,0.3184508361589818,0.009292592586003819,2.1061591645454382e-07,1.7974018693233714e-06,0.0,0.6451006618898741
0.036000000000000004,15.792597651990661,2359.698322868036,0.12538065779168328,0.002160491419718312,0.015219702591478554,0.0007611479432003798,0.006875880809622337,0.3204234981237576,0.008792501147373498,1.7914728078146703e-07,1.5892108113013865e-06,0.0,0.6457650096067572
0.04,15.851758708783171,2370.604493788386,0.12491271903382227,0.0018812952222794696,0.014205083377508598,0.0006727187137633056,0.006443202994720983,0.3221112552418702,0.008356308389352179,1.5513814310571226e-07,1.427567411875099e-06,0.0,0.6463285533549503
0.044,15.877943399007943,2375.438681081244,0.12470672252589926,0.001763158126787014,0.013746718511513713,0.000635155847060078,0.006248759850704035,0.32286721155743286,0.008158913155602982,1.451982081788474e-07,1.3598142806812417e-06,0.0,0.6465785779384104
0.048,15.889830654114578,2377.6363898972936,0.12461342885394666,0.0017105225496193278,0.013535995138735943,0.0006184066831737098,0.006159782149359555,0.3232128636137056,0.00806830864024768,1.4081637511813822e-07,1.3297721861879186e-06,0.0,0.646692650636597
0.056,15.896916678991717,2378.9484621513093,0.1245578826185257,0.0016793635343309854,0.01340914836240091,0.0006084949237379109,0.006106497846911481,0.32342003979672423,0.008013893695533318,1.3823853002664513e-07,1.3120484234679939e-06,0.0,0.6467611115534077
0.064,15.89904492824568,2379.342661698592,0.12454120927560748,0.0016700502428428068,0.013370937685121246,0.000605531729292979,0.006090462923515609,0.3234823682053877,0.007997509446617467,1.3746996096736744e-07,1.3067562139542053e-06,0.0,0.6467816955410473
0.08,15.89904492856779,2379.342661698592,0.12454120927599133,0.001670050242808966,0.013370937684850306,0.0006055317292807089,0.006090462923392196,0.3234823681988329,0.00799750944645541,1.3746996096458184e-07,1.306756213927726e-06,0.0,0.6467816955482046
